SKU,EAN,Name (size in mm ),Height,Length,Width,Weight,step,date,EOL,storage,PSDS,OnOrder,stock,section
100019,7290016323023,Hemilton 20 Inch Standing Fan 3 Speeds HEM-632 7290016323023,140,690,560,7815,10,09/10/22,,Caesarea,6,0,6,"4006,"
101110,7290008984126,Blue Star 10 Inch Wall Fan TFW 129 White 7290008984126 Key 128,190,390,330,2955,10,24/10/22,,Caesarea,1,0,0,"4023,"
101169,7290017725376,Dragon GT DLX Gaming Chair Brown / Black GPDRC-GT-PB 7290017725376 - Isfar,420,960,730,34000,10,26/10/22,,Caesarea,1,0,0,"4026,"
101759,7290012953613,Greenplace Hurricane Garden Trap With Four Actions System Against Flying Pests 511 7290012953613,330,390,370,6795,10,27/10/22,END,Caesarea,30,20,59,"4013,"
103018,3165140606493,Bosch PSA 900 E 900W Corded Sabre Saw (0 603 3A6 000) 3165140606493 33A6,100,650,580,4830,10,07/07/21,,Caesarea,1,0,1,"4028,"
103343,7290017090276,Gold Line MULTI-CYCLONIC V-8 Vacuum Cleaner ATL-3070 7290017090276,300,400,320,5810,10,30/10/22,,Caesarea,1,0,1,"4020,"
103913,4712818962802,Signet Air Hose Reel Diameter 9.5mm Length 15m Max 250 PSI Hose 3/8 Fitting 1/4 065489 4712818962802,230,450,430,8475,10,28/11/22,,Caesarea,1,0,1,"4019,"
104075,876824000270,Outset Rosewood 3 Piece BBQ Tool Set 139113546 876824000270,50,560,190,1245,10,11/07/21,END,Caesarea,1,0,1,"4024,"
104131,4010951771580 4010951771917,Ikra Cordless Lawn Mower 40V (Body Only) ICM 2/2037 61906851 4010951771580,380,700,420,14160,10,24/10/22,,Caesarea,2,0,2,"4010,"
104146,4078500016506,Gardena Trimmer Smallcut 300W SmallCut 300/23 9805-20 62049805 4078500016506,130,650,220,4090,10,18/10/22,,Caesarea,1,0,2,"4019,"
105333,7290106934221,Keter Portable Tool System - Tool Box Organizer and Trolley Black 236121 7290106934221,390,710,570,11120,10,13/10/22,,Caesarea,1,0,0,"4014,"
105635,7290016783841,Barkan Extra Long Dual Arm Tv Wall Mount 13-80 Inch Black BM464XL 7290016783841,120,860,260,9820,10,30/10/22,,Caesarea,15,0,17,"4014,"
106584,7290017725055 7290114430555,Dragon Gladiator Gaming Chair Black / Gray GPDRC-GLA-G 7290017725055 - Isfar,280,710,570,14955,10,07/11/22,,Caesarea,2,0,1,"4010,"
106853,4242002714578,Bosch Multifunctional Mixer 6.2L 1000W Gray/White MUM6N20IL 4242002714578 - 2Y Warranty BSH,310,420,350,6840,10,06/11/22,,Caesarea,10,0,10,"4008,"
106957,43859550999,Fellowes Paper Guillotine Fusion A3 10 Sheets Safe Guard 43859555178 / 43859550999 DGL5410901,90,840,230,3205,10,06/10/22,,Caesarea,5,0,6,"4011,"
106964,043859679904,Fellowes Laminator Saturn 3I A4 80-125 Mic 43859679904 DLS5724801 / CRC57248,150,490,170,2770,10,24/03/22,,Caesarea,4,0,4,"4023,"
107058,7290017430683,Sachs Drinks Fridge 50 Liter Black EF-60 7290017430683,450,550,500,18560,10,23/10/22,,Caesarea,1,0,1,"4014,"
107316,,CT Stand Electric Wall Ceiling For TV Screen Up To 65Inch 30Kg ECL65PRO,140,630,290,8475,10,09/05/21,,Caesarea,2,0,2,"4024,"
107473,6934177716836,Xiaomi Mi Smart Standing Fan 2 Lite White PYV4007GL 89680 6934177716836 - 1Y by Hemilton,180,550,360,4550,10,20/10/22,,Caesarea,108,0,104,"4004,4005,4009,4011,4012,"
107634,7290109620039,Bpatent Super Mop 7290109620039,300,520,330,3320,10,04/05/21,,Caesarea,1,126,126,"4002,"
107902,7290003400379,SIH TV Ceiling Mount Up To 56 Inch 259 7290003400379,90,690,230,3780,10,05/05/21,,Caesarea,2,0,11,"4011,"
108181,5010415510013,Tommee Tippee Twist and Click Nappy Disposal System White 54023H 5010415510013,260,380,290,2110,10,,,Caesarea,11,0,13,"4006,"
108276,7290014430778,Universe Saturday Thermos No Tvila NR-305 4.5L Tzomet&Halacha Approved Nirosta 3052232 7290014430778,280,470,320,3840,10,29/05/24,,Caesarea,4,0,5,"4003,"
108277,7290014430181,Universe Saturday Thermos No Tvila NR-505 6L Tzomet & Halacha Approved White 3052238 7290014430181,290,440,290,3645,10,23/10/22,,Caesarea,2,0,2,"4025,"
108281,7290016674712,Universe Samovar 80 Cups No Tvila NR-716 16L Tzomet Approved 3052416 7290016674712,390,600,390,6305,10,27/10/22,,Caesarea,7,0,7,"4007,"
108610,7291057095443,Smith 5 Shelf Metal And Wood Storage White 180x90x40 150118-001 7291057095443,70,910,400,15880,10,19/10/22,,Caesarea,66,0,63,"4010,"
108756,5099206082793,Logitech G923 Trueforce Sim Racing Wheel For PS And PC 941-000149 5099206082793,310,440,320,7720,10,07/11/22,,Caesarea,23,0,27,"4005,"
108757,5099206082816,Logitech G923 Trueforce Sim Racing Wheel For Xbox And PC 941-000158 5099206082816,320,440,330,7725,10,07/11/22,,Caesarea,24,0,29,"4002,"
109550,693493073738,Hidurit Samovar 60 Cups Stainless Steel M-L10 693493073738,320,460,320,3880,10,30/10/22,,Caesarea,7,0,8,"4020,"
109552,693493073745,Hidurit Samovar 40 Cups Stainless Steel M-L8 693493073745,270,470,270,3530,10,30/10/22,,Caesarea,5,0,6,"4024,"
109554,602697941866,Hidurit Saturday Hot Plate 4 Pots PS4 602697941866,80,620,500,4685,10,16/10/22,,Caesarea,5,0,7,"4011,"
109555,693493120593,Hidurit Samovar 60 Cups Stainless Steel Black M-LB10 693493120593,320,470,320,3920,10,13/10/22,,Caesarea,6,0,6,"4009,"
109556,693493120579,Hidurit Samovar 60 Cups Stainless Steel Cream M-LC10 693493073738\0693493120579,320,470,320,3920,10,30/10/22,,Caesarea,6,0,5,"4006,"
109558,693493120586,Hidurit Samovar 40 Cups Stainless Steel Black M-LB8 693493120586,270,480,270,3255,10,13/10/22,,Caesarea,4,0,3,"4011,"
109642,3583164152817,Baby Tech Breathable Mattress For Playpen 89*74*4 cm 3583164152817,40,890,740,1075,10,13/10/22,,Caesarea,12,0,12,"4012,"
109643,3583164152848,Baby Tech Basic Mattress For Playpen 89*74*4 cm 3583164152848,40,890,740,1245,10,27/10/22,,Caesarea,6,0,5,"4022,"
109644,3583164152800,Baby Tech Plastic Playpen White Up To 15Kg  89*74 3583164152800,200,950,750,11705,10,18/10/22,,Caesarea,7,0,10,"4013,"
109645,3583164152701,Baby Tech Plastic Cradle White Up To 3 Months 89*57 3583164152701,200,950,750,10415,10,06/11/22,,Caesarea,4,0,6,"4004,"
109646,3583164152725,Baby Tech Breathable Mattress For Cradle 89*57*4 cm 3583164152725,40,890,570,810,10,27/10/22,,Caesarea,4,0,5,"4027,"
110253,7290109762371,NOA Sound Box V1200W Multimedia Table + Wireless Charger - Ash Wood 7290109762371,440,510,500,17035,10,11/10/22,,Caesarea,2,0,2,"4019,"
111134,845423002633,Razor A Kick Scooter - Blue RZR-0010 845423002633,100,600,140,2485,10,12/10/22,,Caesarea,3,0,3,"4018,"
111135,845423002640,Razor A Kick Scooter - Silver RZR-0011 845423002640,160,610,200,2490,10,05/04/22,,Caesarea,1,0,0,"4021,"
111136,845423002664,Razor A Kick Scooter - Red RZR-0012 845423002664,110,600,190,2495,10,19/10/22,,Caesarea,5,0,5,"4028,"
111365,5705548027551,Baby Dan 7cm Extension For Pressure Gate 5705548027551,10,220,60,400,10,11/04/22,,Caesarea,4,0,4,"4023,"
111368,5705548029678 57505548029678,Baby Dan 33cm Extension For White Compound 57505548029678,60,710,360,1355,10,07/05/21,,Caesarea,1,0,1,"4024,"
111371,5705548029708,Baby Dan 72cm Extension For Black Compound 5705548029708,40,750,700,2930,10,09/10/22,,Caesarea,1,0,1,"4021,"
111373,5705548029692,Baby Dan 33cm Extension For Black Compound 5705548029692,50,700,360,1345,10,07/05/21,,Caesarea,1,0,1,"4026,"
111374,5705548027094,Baby Dan 14cm Double Extension For Pressure Safety Gate 5705548027094/5705548027100,40,680,50,1050,10,09/10/22,,Caesarea,3,0,4,"4024,"
111833,7891116155417,Tramontina Brava Cookware 7pc Set 65180/316 7891116155417,212,505,333,5535,10,25/01/23,,Caesarea,2,0,2,"4022,"
111894,HL-12/O3,RL Integrated Stand For 3 Bike HL-12-3,280,340,300,3635,10,27/04/22,,Caesarea,2,0,0,"4005,"
113539,7290011297299,Selmor Shauarma Maker SE-299 7290011297299,320,470,390,3760,10,26/10/22,,Caesarea,6,0,6,"4010,"
113695,7290015062602,Gold Line Electric Towel Drying Rack Silver ATL-6995s 7290015062602,20,590,90,2170,10,25/03/22,,Caesarea,1,0,1,"4021,"
113861,9312742301705 9312742821739,Dreambaby Chelsea Extra Wide Hallway Auto Close Gate White G2173BB 9312742821739 / 9312742301705,60,990,790,6950,10,23/10/22,,Caesarea,1,0,3,"4018,"
113874,9312742308674,Dreambaby Liberty Xtra-Wide Hallway Security Gate DRG-0867 9312742308674,40,980,790,5295,10,20/10/22,,Caesarea,2,0,3,"4028,"
113950,300000001,Carne BBQ Butcher Paper 50X60cm 300000001,85,610,90,2070,10,01/02/23,,Caesarea,3,0,0,"4021,"
114007,7290116080598 7290201938056,Sherwood Micro Component System With Bluetooth CD USB And FM Tuner MC660 7290201938056 By SG,280,360,340,6005,10,25/10/22,,Caesarea,1,0,1,"4018,"
114073,7290018089798,Hemilton Floor Stand Quartz Heater 3 Spirals 1800W HEM-945 7290018089798,230,480,340,3525,10,07/11/22,,Caesarea,1,0,1,"4021,"
114123,634868933165,Traeger Apple Wood Pellet 9Kg PEL343 634868933165,90,470,370,9060,10,23/10/22,,Caesarea,203,0,203,"4018,"
114285,5945844000012,PIL 15Kg Din Plus Pellets HS Animals 6MM 5000000 / 5945844000012,100,590,270,15165,10,18/10/22,,Caesarea,26,0,26,"4008,"
114331,4718017625999,Asus TUF Gaming VG328H1B Curved 31.5 Inch VA FHD 1ms 165Hz VGA HDMI FreeSync 90LM0681-B02170,220,800,590,9500,10,09/11/22,,Caesarea,1,0,1,"4015,"
114555,7290112542007,Green Automatic Hose Reel Set 20m 48705930 7290112542007,241,459,426,0,10,04/05/21,,Caesarea,4,0,0,"4005,"
114596,7754617035650,MATRIX 1500W Bathroom Heater OM-BT1500i 7754617035650,150,568,179,1290,10,21/02/24,,Caesarea,2,0,2,"4019,"
114767,634868933011,Traeger Cherry Wood Pellet 9Kg PEL309 / PEL339 634868933011,60,490,350,9540,10,22/11/24,,Caesarea,118,0,120,"4008,"
114770,7290114430708,Dragon Olympus Gaming Chair (Beitar Jeruslam) Yellow / Black GPDRC-BTJFC 7290114430708 - Isfar,355,860,655,22475,10,09/11/22,END,Caesarea,2,0,2,"4003,"
115291,3583164162045,Baby Tech Multi Flow Breathable Mattress For Baby Bed 127*63cm 3583164162045,90,1270,630,3585,10,27/10/22,,Caesarea,7,0,6,"4005,"
115292,3583164162250,Baby Tech Airflow Visco Mattress For Baby Bed 127*63cm 3583164162250,80,1250,650,2725,10,06/10/22,,Caesarea,3,0,3,"4010,"
115293,3583164152916 3583164152930,Baby Tech Quilt Visco Breathable Mattress For Baby Bed 127*63cm 3583164152916,90,1270,630,2945,10,06/11/22,,Caesarea,2,0,2,"4022,"
115527,3253561956133,"Stanley Metal Plastic Toolbox 23"" 59cm 1-95-613 3253561956133",220,585,295,2795,10,19/10/22,,Caesarea,2,0,3,"4023,"
115539,8717496635853,Stanley Foldable Handtruck SXWTD-FT585 8717496637642 / 81717496635853,120,645,385,7365,10,27/10/22,,Caesarea,5,0,5,"4014,"
116362,6943478006249,Hape Rock a Bye Cradle 13601 6943478006249,140,460,360,2370,10,06/07/21,,Caesarea,1,0,0,"4026,"
116363,6943478006263,Hape Stroller 13603 6943478006263,100,580,360,2175,10,06/07/21,,Caesarea,3,0,3,"4025,"
116370,6943478021662,Hape Busy City Rail Set 13730 6943478021662,120,480,360,2800,10,06/07/21,,Caesarea,3,0,3,"4027,"
116403,4010951438704,Ikra Electric Hedge Trimmer HSE 6055-20D 61906150 4010951438704,205,1085,210,4490,10,25/10/22,,Caesarea,2,0,2,"4022,"
116404,4010951781794,Ikra Electric Telescopic Hedge Trimmer ITHS 500 61906500 4010951781794,110,1010,230,4885,10,26/10/22,,Caesarea,59,0,59,"4012,4013,"
116405,4010951112116,Ikra Electric Grass Trimmer 520W RT 2107 D 61906107 4010951112116,140,970,260,5000,10,,,Caesarea,2,0,1,"4024,"
116406,4010951773027,Ikra Electric Lawn Mower 1200W IELM 1232 61906102 4010951773027,340,700,400,12345,10,24/10/22,,Caesarea,9,0,7,"4011,"
116573,7290016674897,Universe Barrel Vacuum Cleaner + Blower 1600W 25L NRI-703-V55 3101323 7290016674897,380,600,420,7695,10,27/10/22,,Caesarea,3,0,3,"4001,"
116767,1605201828379,Machina Climbing Car Go RC Car Black-Blue 828379 1605201828379,250,510,290,2835,10,27/02/25,,Caesarea,4,0,2,"4021,"
116768,1605201828379,Machina Climbing Car Go RC Car Black-Orange 828379 1605201828379,250,510,290,2835,10,27/02/25,,Caesarea,2,0,1,"4020,"
117118,6927355610446,TCL 60W PLATE SPARK Ceiling Adjacent WW TXD2-2205530WR-02 6927355610446,80,550,530,1535,10,29/03/22,,Caesarea,1,0,2,"4028,"
117560,6951800685017,Eko Hanna 45L Pedal Trash Can Black 6951800685017 BFL,340,690,450,5190,10,18/10/22,,Caesarea,1,0,0,"4007,"
117740,3583164152718,Baby Tech Breathable Mattress For Cradle 86*48*4 cm 3583164152718,40,860,480,660,10,13/10/22,,Caesarea,16,0,14,"4002,"
117741,3583164152695,Baby Tech Basic Mattress For Cradle 86*48*4 cm 3583164152695,40,860,480,600,10,06/11/22,,Caesarea,3,0,3,"4027,"
117742,3583164152824,Baby Tech Breathable Mattress For Playpen 95*83*4 cm 56214\3583164152824,40,950,830,1205,10,23/10/22,,Caesarea,10,0,10,"4014,"
117743,3583164152855,Baby Tech Basic Mattress For Playpen 95*83*4 cm 3583164152855,40,950,830,1150,10,25/10/22,,Caesarea,3,0,2,"4022,"
117894,0622356232692 AG301,Ninja Foodi Health Grill & Air Fryer 1760W AG301EU 0622356232692 By H-Shalom,370,510,420,12975,10,,,Caesarea,4,0,0,"4013,"
118184,7290010483068,Gold Line 6.5L Stainless Steel Slow Cooker  ATL-066 7290010483068,250,390,330,6340,10,03/10/22,,Caesarea,7,0,7,"4003,"
118380,09201927210,PROXEN Stand Mini Drill Press 500W 16mm 25-ZJ4116QA 09201927210,230,470,360,18885,10,06/10/22,,Caesarea,3,0,3,"4002,"
118406,7290103742812,PROXEN 1/2 + 1/4 + 3/8 Ratchet Drive With Inch Sockets 150Pcs Set 55-P-330 7290103742812,90,490,370,11815,10,11/05/21,,Caesarea,1,0,1,"4005,"
119041,0845423022792 845423022792,Razor Special Edition A Kick Scooter - Holographic RZR-0017 13010007 0845423022792,110,600,190,2490,10,19/10/22,,Caesarea,2,0,2,"4020,"
120102,7290016674743,Universe Toaster Oven NRI260-15L 15L 1200W Mechanical 3201326 7290016674743,280,430,360,4995,10,16/10/22,,Caesarea,1,0,1,"4021,"
120721,1201029000104,Sol Microwave Mechanical Control 20L 700W Silver SL-7820 1201029000104 By Shaulian,270,480,390,10975,10,27/10/22,,Caesarea,8,0,8,"4003,"
121536,9780201310276,I-CAMP Commander Camping Table L 93459 9780201310276,150,710,230,5275,10,03/10/22,,Caesarea,3,0,3,"4018,"
121537,9780201310283,I-CAMP Commander Camping Table XL 93282 9780201310283,190,650,230,6295,10,16/10/22,,Caesarea,1,0,0,"4001,"
121811,8414271602559 8414271692559,Lacor Manual Sausage Stuffer 4L 133012124 8414271602559,270,680,310,10630,10,12/10/22,END,Caesarea,1,0,1,"4025,"
121977,4711174723775 846504003778,Synology DiskStation DS1621+ 6-Bay 4711174723775 / 846504003778,300,380,310,6310,10,25/09/22,,Caesarea,1,0,1,"4027,"
122187,7312350340198 7321350340198,Brio Pinball Challenge b-r-34019 7312350340198,120,540,390,2430,10,06/07/21,,Caesarea,2,0,2,"4023,"
122545,6903366908024,Kendo Folding Hand Trolley 890802 6903366908024,70,670,410,6720,10,06/10/22,,Caesarea,1,0,0,"4021,"
122842,3165140771122,Bosch GHO 26-82 D 710W Planer (0 601 5A4 300) 3165140771122 15A4,190,440,380,6580,10,19/10/22,,Caesarea,1,1,1,"4027,"
123043,8806090678738,Samsung C34G55TWWM / WWR / WWP VA Curved UW Gaming Monitor 34 Inch WQHD 165Hz 1Ms DP HDMI,210,890,420,7945,10,08/11/22,,Caesarea,26,10,36,"4015,"
123140,6943478008878,Hape Piano Red E0318 6943478008878,80,350,320,8055,10,20/07/21,,Caesarea,4,0,3,"4026,"
123289,7290115624755,Food Appeal Acacia Hardwood End Grain Cutting Board 50X40X3cm 7290115624755,30,500,390,3760,10,06/04/22,,Caesarea,13,0,13,"4024,"
123432,7290005902048,Tyroler Ravmag Rubber Broom 32cm 7290005902048,70,1395,90,855,10,18/10/22,,Caesarea,64,0,64,"4001,"
123435,7290005902185,Tyroler Ravmag Standing Dust Pan 30cm 7290005902185,70,600,250,565,10,12/07/21,,Caesarea,64,0,66,"4001,"
123436,7290005902055 7290005902505,Tyroler Ravmag Floor Squeegee 46cm 7290005902505 / 7290005902055,40,1395,90,710,10,18/10/22,,Caesarea,170,0,169,"4012,"
123437,7290005902376,Tyroler Ravmag Extra Wide Floor Squeegee 60cm 7290005902376,40,1395,100,800,10,18/10/22,,Caesarea,40,0,39,"4011,"
123725,4059952518732,Bosch GBH 180-Li Cordless Rotary Hammer (0 611 911 121) 4059952518732 11911.121,130,470,370,6325,10,25/09/22,,Caesarea,2,0,2,"4023,"
124200,4211125956059,Beurer Baby Scale BBHBY80 4211125956059,50,400,250,300,10,22/12/22,,Caesarea,2,0,2,"4025,"
124466,4052095693007 4211125693008,Beurer Air Purifier BWALR210 4211125693008,230,360,320,4270,10,27/11/22,,Caesarea,5,0,5,"4008,"
124476,7290014392342,Lenco Glass Gas Stove 5 Flames Black LGH-9508BK FSP-038115-6 7290014392342,150,900,610,19300,10,09/11/22,,Caesarea,1,0,1,"4020,"
124477,7290014392052,Lenco Gas Stove 5 Flames Nirosta LH-704IX FSP-032694-6 7290014392052,150,730,610,10830,10,26/10/22,,Caesarea,1,0,1,"4025,"
124547,2020092209080,Penguin Kids Step Stool Pink 2020092209080,260,380,340,920,10,02/01/23,,Caesarea,10,0,10,"4017,"
124909,7291044106305,Semicom  42 Inch Brazil Ceiling Fan With Light Remote Control White HY-42C01W 7291044106305,277,448,300,0,10,,,Caesarea,56,0,58,"4009,"
125860,6921207052040,Sol Exclucive 20 Liter Machnical Microwave SL-7830-White 6921207052040 By Shaulian,290,560,380,14045,10,13/10/22,,Caesarea,9,0,9,"4005,"
126107,7291057096877,Smith 5 Shelf Metal And Wood Storage Gray 180x90x40 150118-002 7291057096877,70,920,400,15725,10,12/10/22,,Caesarea,38,0,38,"4017,"
126372,7290018702079,Gold Touch Fixed Flat Panel TV Wall Mount 32-70 Inch AR-WF46 7290018702079,30,640,190,1670,10,09/05/21,,Caesarea,4,0,6,"4027,"
126593,3016661151132,Moulinex Meat Grinder 1600W Black/Silver ME-306832 3016661151132 By Newpan,220,400,280,4690,10,25/09/22,,Caesarea,14,0,14,"4005,"
126858,4242005204526,Bosch Serie 2 Freestanding Compact Dishwasher Nirosta SKS51E38EU 4242005204526 BY BSH,545,630,590,22295,10,24/10/22,EOL,Caesarea,7,0,5,"4000,"
126927,9780201456011,I-CAMP Cast Iron Pot 7.5L 93601 9780201456011,160,330,320,8710,10,13/10/22,,Caesarea,6,0,6,"4010,"
126936,9780201456097,I-CAMP Cast Iron Campers Set 7pcs 93611 9780201456097,210,580,340,18130,10,13/10/22,,Caesarea,4,0,4,"4003,"
127141,7290109133416,Soltam Mineral Stone Aluminum Cooking Pot 36cm 12.8L 12309952 7290109133416,170,390,380,3405,10,11/07/21,END,Caesarea,2,0,2,"4022,"
127674,4893998888028 4893998888028+,Bburago Junior Play and Go Ferrari Rock N Raceway Set 16-88802 4893998888028,120,600,330,1715,10,06/07/21,,Caesarea,4,0,4,"4018,"
127675,4893998888011,Bburago Junior Play and Go Ferrari Test Track 16-88801 4893998888011,100,600,340,1640,10,06/07/21,,Caesarea,4,0,4,"4020,"
127840,4032525628328 4054359037510,Woll Titanium Nowo Induction Saute Casserole + Lid 32cm 127012008 4054359037510,153,591,346,4910,10,20/04/23,END,Caesarea,1,0,1,"4017,"
127899,8414271570360,Lacor Pro Chef Stainless Steel Casserole Without Lid 36cm 14.5L 133011881 8414271570360,190,460,430,4110,10,11/07/21,END,Caesarea,1,0,1,"4020,"
127936,4718017603393,Asus ProArt PA248QV Professional Monitor 24.1 Inch IPS FHD DP HDMI VGA 4xUSB 90LM05K1-B01370,190,630,460,8220,10,08/11/22,,Caesarea,3,0,1,"4015,"
127979,7290109620961,Bpatent Modular Over The Sink Dish Drying Rack 86X52X32cm 7290109620961,100,860,340,3105,10,13/10/22,,Caesarea,18,0,17,"4010,"
128884,3220660056682,BabySafe Simply Baby Playpen With Mosquito Net Black Stars 5579 3220660056682,210,770,210,7070,10,12/10/22,,Caesarea,30,0,28,"4006,"
128885,3220660056750,BabySafe Simply Baby Playpen With Mosquito Net Gray Stars 5580 3220660056750,200,780,220,7095,10,18/10/22,,Caesarea,14,20,35,"4003,4004,"
129016,7290113796270,Lumitec Noga 48W Round Ceiling Adjacent LIFUD Driver CW White LM-P-RD-W-48W-D 7290113796270,60,540,520,4045,10,09/07/21,,Caesarea,4,0,4,"4028,"
129346,7290115000139,Normande Mixer 4.5L 8 Speeds 500W Red MK-36dc By Clinton,260,390,290,4015,10,13/10/22,EOL,Caesarea,8,0,8,"4026,"
129432,7290016674972,Universe Toaster Oven NRI280-21C 21L 1380W Mechanical 3201223 7290016674972,340,500,340,6930,10,30/10/22,END,Caesarea,6,0,5,"4019,"
129502,000772304078,Melissa and Doug Jumbo Plush Stork 30407 000772304078,280,1120,470,2405,10,25/12/22,END,Caesarea,2,0,2,"4017,"
129591,7290114720137,Fujicom Built-in Gas Stove 4 Flames Black FJ-GHRT7CK 7290114720137,160,620,610,10900,10,12/10/22,,Caesarea,1,0,1,"4017,"
129592,7290114720120,Fujicom Built-in Gas Stove 4 Flames Cream FJ-GHRT4B 7290114720120,170,620,610,10955,10,12/10/22,,Caesarea,2,0,2,"4028,"
129637,9780474142451,NGL Outdoor Mat 3.6X3.6 Meter 1018 9780474142451,130,920,450,5125,10,07/07/21,,Caesarea,6,0,6,"4004,"
129639,8696272011039,Super-Bag Step Stool Tool Box 170122-006 8696272011039 By Smith,330,400,330,1990,10,27/10/22,,Caesarea,3,0,3,"4025,"
131121,7290018145746,Normande Samovar 50 Cups NWH-1050 Tzomet Approved Nirosta By Clinton,300,500,300,2935,10,25/10/22,,Caesarea,11,0,11,"4009,"
131122,7290018145753,Normande Samovar 60 Cups NWH-1060 Tzomet Approved Nirosta By Clinton,340,500,340,3460,10,24/10/22,,Caesarea,4,0,4,"4011,"
131123,7290018145760,Normande Samovar 80 Cups NWH-1080 Tzomet Approved Nirosta By Clinton,340,550,340,3830,10,23/10/22,,Caesarea,11,0,11,"4002,"
131161,030734078013,Foxrun Rectangular Pot Rack 64X38cm Black 139113497 30734078013,55,635,390,2285,10,01/02/23,END,Caesarea,2,0,2,"4025,"
131204,693493120661,Hidurit Samovar 40 Cups Stainless Red Wine M-LW8 693493120661,270,490,270,3260,10,13/10/22,,Caesarea,3,0,3,"4022,"
131205,693493120678,Hidurit Samovar 60 Cups Stainless Red Wine M-LW10 693493120678,320,460,320,3925,10,11/10/22,,Caesarea,3,0,3,"4024,"
131206,693493120685,Hidurit Samovar 80 Cups Stainless Steel Red Wine M-LW12 693493120685,310,500,320,4145,10,11/10/22,,Caesarea,3,0,3,"4023,"
131207,693493120623,Hidurit Samovar 80 Cups Stainless Steel Cream M-LC12 693493120623,310,510,310,4150,10,30/10/22,,Caesarea,2,0,2,"4022,"
131208,693493120609,Hidurit Samovar 80 Cups Stainless Steel Black M-LB12 693493120609,320,500,320,4150,10,13/10/22,,Caesarea,2,0,2,"4005,"
131209,693493120616,Hidurit Samovar 80 Cups Stainless Steel M-L12 693493120616,300,490,310,4180,10,09/10/22,,Caesarea,2,0,2,"4018,"
131218,889728295581,Cisco Business 24-Port Gigabit PoE Smart Switch CBS250-24FP-4G-EU 889728295581,110,580,470,6680,10,11/05/21,END,Caesarea,1,0,1,"4027,"
131596,6921201042016,Hamilton Beach Deep Fryer Liter Capacity 2000W 35037-IS 6921201042016 By Shaoulian,270,430,320,4580,10,06/10/22,,Caesarea,1,0,1,"4025,"
132637,0622356232692,Ninja Foodi Health Grill & Air Fryer 1760W AG301EU 0622356232692 By Bruhim,390,510,410,12980,10,24/10/22,,Caesarea,168,0,168,"4031,"
133211,7290016783896,Barkan Prem TV Full Motion Wall Mount Integrated Indoor Antenna Up To 90 Inch VTM464L 7290016783896,100,710,250,7975,10,11/10/22,,Caesarea,4,0,4,"4021,"
133697,7291044104066,Semicom Atlantic G9 52 Inch 3 Wings Ceiling Fan IP44 RC White SM-1069/WH 7291044104066,230,630,290,7685,10,13/10/22,,Caesarea,3,0,4,"4026,"
133701,7291044104141,Semicom Hercules 20W CCT 60 Inch 3 Wings Ceiling Fan RC Black And Wood SM-1070B/BK 7291044104141,240,820,370,7530,10,23/10/22,,Caesarea,2,0,2,"4022,"
133702,7291044110289,Semicom Braziled 25W CCT 42 Inch 3 Wings Ceiling Fan RC White SM-42C01L/WCT 7291044110289,270,440,300,6100,10,06/10/22,,Caesarea,18,0,17,"4008,"
133966,4897070183742,Globber GO BIKE Balance Bike Pink 4897070183742,180,620,240,3640,10,06/10/22,,Caesarea,8,0,8,"4001,"
134657,5707119043434,SteelSeries QcK Prism Cloth RGB 3XL Gaming Mouse Pad Retail Box PN: 63511 5707119043434,120,630,130,2485,10,07/05/21,,Caesarea,4,0,5,"4024,"
134664,0693493040341 693493040341,Eazo Super Tray Laundry Shelf  0693493040341,100,710,600,6290,10,19/10/22,,Caesarea,9,0,8,"4017,"
135107,6921850652932,Westinghouse Capitol 42 Inch 4 Wings Ceiling Fan Black 78709-2848 6921850652932,230,420,250,5145,10,13/10/22,,Caesarea,5,0,5,"4019,"
135231,4897033964388,Scoot and Ride Scooter LED Highwaykick 5 - Forest Green 96438 4897033964388,150,610,360,4026,10,26/10/22,,Caesarea,4,0,2,"4020,"
135677,132005314 3165140995405,Bosch GAS 18V-10L Cordless Wet / Dry Vacuum Cleaner (0 601 9C6 300) 3165140995405 19C6.302,170,590,210,6090,10,16/10/22,,Caesarea,1,0,1,"4018,"
135694,8715688714029,BabySafe Baby High Chair Gray 8041 8715688714029,310,450,360,4105,10,18/10/22,,Caesarea,77,0,76,"4003,"
135695,8715688714027,BabySafe Baby High Chair White 8040 8715688714027,320,450,380,4135,10,18/10/22,,Caesarea,141,0,136,"4005,4006,"
135733,3165140451666,Bosch POF 1400 ACE 1400W Router Kit + Case (0 603 26C 800) 3165140451666 326C,160,380,300,6810,10,21/04/22,,Caesarea,2,0,2,"4024,"
135838,7290109762616,NOA Sound Box V1200W Multimedia Table + Wireless Charger - Black Walnut 7290109762616,450,520,500,17045,10,18/10/22,,Caesarea,1,0,1,"4022,"
135839,7290109762623,NOA Sound Box V1400W Multimedia Table + Wireless Charger Double Layers - Ash Wood 7290109762623,450,500,500,18600,10,24/10/22,,Caesarea,1,0,1,"4023,"
136097,9780201400342,I-CAMP Pop Up Toilet/Shower Tent 93433 9780201400342,20,540,310,2765,10,07/07/21,,Caesarea,5,0,6,"4022,"
136164,7290013258595,Universe 12 Inch Rotary Fan + Timer NRL-2200T 6001427 7290013258595,170,460,430,2935,10,06/10/22,END,Caesarea,5,0,5,"4019,"
136166,7290013258571,Universe 16 Inch Rotary Fan + Timer NRL2600T 6001381 7290013258571,190,580,520,4265,10,20/10/22,END,Caesarea,4,0,4,"4004,"
136399,8484530751110 8484540751110,Benaton Electric BBQ Premium BT-5111 8484530751110,120,490,320,2385,10,19/10/22,,Caesarea,2,0,1,"4024,"
136449,7290011296322,Selmor 18 Inch Standing Fan 70W SE-322 1296322 7290011296322,150,610,500,5985,10,25/10/22,,Caesarea,1,0,0,"4002,"
136450,7290005580093,Selmor Rotary Fan SE-16 5580093 7290005580093,200,550,450,3410,10,30/10/22,,Caesarea,1,0,0,"4018,"
136458,7290005580864,Selmor 16 Inch Standing Fan 3 Speeds 50W SE-864 White 7290005580864,110,540,420,5925,10,06/11/22,,Caesarea,3,0,4,"4024,"
136459,7290005580864,Selmor 16 Inch Standing Fan 3 Speeds 50W SE-864 Black 7290005580864,130,540,430,5720,10,19/10/22,,Caesarea,5,0,4,"4024,"
136513,7290005579950,Selmor 12 Inch Rotary Floor Fan 40W SE-950 7290005579950,150,420,370,2140,10,25/10/22,,Caesarea,5,0,5,"4024,"
136521,7290011297862,Selmor Digital Tower Fan + Remote 100W SE-862 7290011297862,320,790,330,6040,10,25/10/22,,Caesarea,5,0,6,"4021,"
136525,7290011297107,Selmor 18 Inch Wall Mount Fan 60W SE-107 7290011297107,160,520,510,3275,10,13/10/22,,Caesarea,1,0,1,"4025,"
136727,1203026000071,Sol Exclucive 20 Liter Toaster Oven GL-1020L White 1203026000071 By Shaulian,360,520,410,9835,10,12/10/22,,Caesarea,6,0,5,"4001,"
136915,6941057404622,Intex Aluminum Telescopic Pole 29054 6941057404622,35,975,35,555,10,15/01/23,,Caesarea,8,0,8,"4021,"
136985,7290016755688,Star OUTDOOR 52 Inch Ceiling Fan With Light Waterproof Chocolate Brown 7290016755688 3016,330,600,340,10290,10,03/10/22,,Caesarea,2,0,2,"4003,"
140850,9780201384444,NGL Sunshade Cloth Rigging 3X3 Meter Blue 1023B,110,590,170,2895,10,21/04/22,,Caesarea,4,0,1,"4010,"
140870,9780201384437,NGL Sunshade Cloth Rigging 2.1X2.1 Meter Blue 1024B,120,590,160,1965,10,21/04/22,,Caesarea,2,0,2,"4012,"
145098,4054278618227,Karcher High Pressure Washer 130Bar K4 Power Control 1.324-030.0 4054278618227 Shelldan,360,570,370,14625,10,27/10/22,,Caesarea,10,0,6,"4012,"
145275,7290011882228,Sachs Fridge 50 Liter White EF-50 7290011882228,440,530,510,13815,10,18/10/22,,Caesarea,3,0,2,"4005,"
146114,2700112235 7290017430522,Sachs Fridge 90 Liter Black EF-138B 7290017430522,460,880,490,20890,10,13/10/22,,Caesarea,1,0,0,"4002,"
146247,7290014222410,Sachs 5L Deep Fryer EF-808 7290014222410,250,400,370,4320,10,13/10/22,,Caesarea,16,0,13,"4011,"
147377,7290016755787,Star 20 Inch Industrial Fan Black FE-50 F 7290016755787 171,240,620,590,7065,10,23/10/22,,Caesarea,2,0,2,"4003,"
147910,7312350337662,Brio Railway World Deluxe Set b-r-33766 7312350337662,300,520,390,9395,10,16/10/22,,Caesarea,1,0,1,"4022,"
148064,300000014,Carne Oven Cleaning Brush 1m 300000014 / 300836117,50,1050,95,485,10,20/10/22,,Caesarea,25,0,26,"4022,"
149151,7290001683590,SIH Odem Mailbox 37x13x36cm White 7290001683590,280,370,360,2280,10,25/04/22,,Caesarea,4,0,4,"4022,"
149168,7290001683637,SIH Leshem Mailbox 37x13x36cm Black 7290001683637,210,380,370,2310,10,21/03/22,,Caesarea,4,0,4,"4023,"
149182,7290001683644,SIH Leshem Mailbox 37x13x36cm Bronze 7290001683644,120,360,360,2320,10,18/03/24,,Caesarea,4,0,3,"4025,"
152882,6934177727719,Xiaomi Mi Smart Standing Fan 2 White BHR4828GL 88998 6934177727719 - 1 Year Warranty by Hemilton,180,550,360,4210,10,18/10/22,,Caesarea,137,0,138,"4001,4007,4008,4009,4010,4014,"
157770,4007430341389 97-D4M9-830008,Metabo W 2200-230 Angle Grinder 2200W 97-D4M9-830008 606435010 4007430341389,100,560,160,6645,10,19/10/22,,Caesarea,4,0,4,"4020,"
157826,4011689685200,UNOLD Backmeister Big White Bread Maker White 850W 68520 4011689685200,300,460,370,7255,10,13/10/22,,Caesarea,1,0,1,"4026,"
157884,7297425860040,Homestyle Zebra Roller Shades - 80x160cm Wood Like 86004 7297425860040,60,930,70,1255,10,09/10/22,,Caesarea,7,0,7,"4026,"
157885,7297425860071,Homestyle Zebra Roller Shades - 80x160cm Grey 86007 7297425860071,70,930,70,1225,10,09/10/22,,Caesarea,8,0,8,"4026,"
157891,7297425860224,Homestyle Zebra Roller Shades - 120x160cm Beige 86022 7297425860224,70,1340,80,1730,10,03/10/22,,Caesarea,12,0,10,"4026,"
157898,3021105270188,Infantino 3 In 1 Baby Sit Walk And Ride Activity Unicorn 3021105270188,200,620,400,3575,10,06/07/21,,Caesarea,1,0,0,"4010,"
157909,7297425860705,Homestyle Zebra Roller Shades - 160x160cm White 86070 7297425860705,70,1740,75,2195,10,06/10/22,,Caesarea,1,0,0,"4027,"
157910,7297425860712,Homestyle Zebra Roller Shades - 160x160cm  Beige 86071 7297425860712,65,1735,70,2145,10,11/10/22,,Caesarea,2,0,1,"4026,"
157952,3021105040002,Bkids Set Busy stack & Nest ball + Happy Hoops  3021105040002,140,600,350,1540,10,06/07/21,,Caesarea,3,0,3,"4017,"
157982,4895218321230,Westinghouse Bread Maker White 850W WKBM8000 4895218321230,310,470,360,7485,10,30/10/22,,Caesarea,6,0,6,"4011,"
158010,773554130140,Infantino Watch Me Grow 4 In 1 Baby University Animals Colourful 0773554130140,110,610,440,1965,10,06/07/21,,Caesarea,2,0,2,"4019,"
158021,773554052336,Infantino Baby Activity Gym Sea Animals Colourful 0773554052336,80,530,450,820,10,06/07/21,,Caesarea,6,0,6,"4022,"
158022,773554052329,Infantino Baby Activity Gym Unicorn Colourful 0773554052329\3021105052326,80,540,450,855,10,29/12/22,,Caesarea,3,0,3,"4024,"
158052,7290017430737,Sachs 12 Inch Electrical Retro Design Fan 3 Speeds With Wooden Tripod  EF-1036 7290017430737,240,780,320,6240,10,14/11/22,,Caesarea,4,0,4,"4006,"
158090,5413184200466,KitchenAid Artisan Stand Mixer 4.8L Cast Iron Black 5KSM175PSEBK 5413184200466 - By Newpan,280,440,410,12405,10,13/10/22,,Caesarea,4,0,4,"4020,"
158098,7290015026338,Klearbar Panamara Water Bar Red 37KB645A 7290015026338,330,470,420,10955,10,11/10/22,,Caesarea,1,0,1,"4018,"
158099,7290015026338,Klearbar Panamara Water Bar Silver 37KB645C 7290015026338,360,430,430,11085,10,13/10/22,,Caesarea,1,0,1,"4018,"
158133,9780201400045,I-CAMP Wave V2.0 Beach Camping Chair 93404 9780201400304 9780201400045,110,730,150,2880,10,07/07/21,,Caesarea,4,0,6,"4002,"
158246,8000625086962,Claber Rotoroll Evolution 20m Hose 8696 62212349 8000625086962,260,490,370,9210,10,26/10/22,,Caesarea,12,0,11,"4013,"
159272,7290011297749,Selmor Manual Citrus Juice Extractor SE-749 Orange 7290011297749,200,420,270,6650,10,26/10/22,,Caesarea,1,0,1,"4021,"
159688,7290011297572,Selmor Glass Ceramic Electric Double Hotplate 3000W SE-572 7290011297572,100,630,340,4310,10,12/10/22,,Caesarea,3,0,3,"4024,"
160250,5060569671337 5060569676332,Breville Barista Mini Espresso Machine VCF125X 5060569676332 / 5060569671337 - 1Y By H-Shalom,300,400,360,7405,10,07/11/22,,Caesarea,17,0,23,"4001,"
160314,3362932915249,Thrustmaster TPR Pendular Rudder For PC 2960809 3362932915249,360,460,450,9840,10,06/10/22,,Caesarea,4,0,4,"4022,"
163759,6941057417875,Intex Gator Play Center Pool 57165 6941057417875,100,400,390,3825,10,04/07/21,,Caesarea,4,0,0,"4009,"
166203,667380785998,Next Level Racing GTtrack Simulator Cockpit NLR-S009 667380785998,590,1000,610,61000,10,09/11/22,,Caesarea,1,0,1,"4005,"
166213,638370134720,Next Level Racing Floor Mat NLR-A005 638370134720,100,610,100,2005,10,13/10/22,END,Caesarea,1,0,1,"4025,"
166216,667380785899,Next Level Racing Free Standing Triple Monitor Stand NLR-A010 667380785899,140,940,480,30500,10,24/10/22,,Caesarea,1,0,0,"4024,"
166246,9780201400212,I-CAMP Collapsible Folding Outdoor Utility Wagon V2.0 93420 9780201400212,240,790,400,13735,10,12/10/22,,Caesarea,14,0,13,"4001,"
166767,7290015062985,Gold Line  Samovar 4.8L 24 Cups 800W ATL-125 7290015062985,270,430,270,2965,10,03/10/22,,Caesarea,29,0,27,"4011,"
166805,7290013382856,Gold Line Turbo Grill 2100W Nirosta ATL-6003 7290013382856,120,540,310,2105,10,09/10/22,,Caesarea,12,0,12,"4020,"
167791,6942138984125,Bestway Family Pool Summer Days 2.41m X 2.41m X 1.40m 54337 6942138984125,130,380,380,5950,10,07/07/21,,Caesarea,1,0,0,"4005,"
168334,7290012164989,SIH Laundry Full Hanging Kit 125401 7290012164989,120,680,130,3565,10,21/03/22,,Caesarea,5,0,5,"4023,"
168502,7290109865430,ZM Hamat Dolphin 5 Function Hand Held Shower Head Slide Bar Set Black 6137013 7290109865430,50,790,190,790,10,06/10/22,,Caesarea,5,0,5,"4017,"
168548,7296170995984,Hamat Casif 5 Function Hand Held Shower Head Slide Bar Set Chrome 801710 7296170995984,90,900,220,1215,10,28/09/22,,Caesarea,1,0,1,"4019,"
169128,7290109620060,Bpatent 3-Tier Spice Rack Organizer 7290109620060,80,630,230,1655,10,24/04/22,,Caesarea,4,10,14,"4021,"
169612,8474551150651,Benaton Mixer + Blender + Meat Grinder White BT-1506 8474551150651,270,590,390,9990,10,25/10/22,,Caesarea,1,0,1,"4017,"
169860,4894060601262,Pit Toys Wood Toy Huge Magnetic Board With Letters 12695 4894060601262,60,690,460,3530,10,06/10/22,,Caesarea,2,0,1,"4026,"
169861,4894060608872,Pit Toys Wood Toy Wooden Activity Walker 12881 4894060608872,90,500,350,2275,10,03/07/24,,Caesarea,11,0,11,"4012,"
169893,7291057099175,Smith 5 Shelf Metal And Wood Storage Black 180x90x40 150118-003 7291057099175,70,920,400,16075,10,18/10/22,,Caesarea,60,0,53,"4010,4019,"
169920,4894060611605,Pit Toys Wood Toy Ice Cream Cart 16099 4894060611605,80,610,340,8960,10,30/03/22,,Caesarea,50,0,51,"4008,"
170982,629162715012,Napoleon Multifunctional Insert For Warming Rack PN: 71501 629162715012,20,190,60,2350,10,12/04/22,END,Caesarea,1,0,1,"4020,"
171062,7290111943904,Fennoma Stove Protector White 100-3904 7290111943904,40,660,600,3875,10,13/10/22,,Caesarea,4,0,4,"4001,"
171636,6943478023840,Hape Pop-up Shop E3159 6943478023840,130,650,620,13785,10,20/10/22,,Caesarea,1,0,1,"4018,"
171716,638126847348,Spark Toys Double Sided Drawing Board 638126847348,120,690,520,5365,10,03/10/22,,Caesarea,3,0,3,"4022,"
171999,638126845900,Spark Toys Huge Interactive Activity Blanket 638126845900,100,500,270,1410,10,31/03/22,,Caesarea,45,0,43,"4014,"
172098,7290014890221,Guro Camping chair Blue GUS112 7290014890221,140,990,190,4740,10,13/10/22,,Caesarea,5,30,35,"4027,"
172352,9780201400328,I-CAMP Eagle Camping Chair  93460 9780201400328,120,1040,200,4680,10,20/10/22,,Caesarea,7,0,3,"4003,"
172620,7290011297244,Selmor Deep Fryer 5L 2000W SE-244 7290011297244,240,410,380,4295,10,12/10/22,,Caesarea,1,0,1,"4021,"
172628,7891112175785,Tramontina Churrasco Grill Grate 42x23cm Stainless Steel 26480/002 7891112175785,30,790,220,690,10,19/12/22,,Caesarea,1,0,1,"4025,"
172629,7891112175815,Tramontina Churrasco Flat Grill Grate 42x23cm Stainless Steel 26481/002 7891112175815,25,760,215,555,10,02/04/23,,Caesarea,2,0,2,"4020,"
172747,5413184200725,KitchenAid Artisan Stand Mixer 4.8L White Blance 5KSM175PSEWH 5413184200725 - By Newpan,280,420,410,12645,10,27/10/22,,Caesarea,1,0,1,"4024,"
172854,7040351001076,Stokke Tripp Trapp Multistage Baby High Chair White 100107 7040351001076,90,790,500,7150,10,23/10/22,,Caesarea,3,0,4,"4024,"
172855,7040351001052,Stokke Tripp Trapp Multistage Baby High Chair Natural Bleached 100105 7040351001052,90,800,500,7495,10,27/10/22,,Caesarea,4,0,2,"4004,"
172996,7290011296483,Selmor Electric Smoker For Meat Fish And Vegetables SE-483 7290011296483,300,440,340,5525,10,13/10/22,,Caesarea,6,0,5,"4024,"
173019,7040351001038,Stokke Tripp Trapp Multistage Baby High Chair Black 100103 7040351001038,80,790,500,7365,10,25/10/22,,Caesarea,10,0,11,"4009,"
174044,6944271661680,Midea Digital Microwave Oven 20L 700W White AM720C2AT 6566 6944271661680,280,460,380,11080,10,23/10/22,,Caesarea,3,0,1,"4011,"
174091,4549292143966,Canon Pixma TS3351 Wireless AIO Printer White TS3351WH 4549292143966,190,480,380,5260,10,07/11/22,,Caesarea,141,0,140,"4031,"
174665,8710103951339,Avent Advanced Sterilizer 6015019 8710103951339,210,380,340,2915,10,24/04/24,,Caesarea,15,0,14,"4007,"
174943,7290109861043,ZM Hamat Quadruple Towel Rail + Single Rail Chrome 6519000 7290109861043,40,250,170,1180,10,26/04/22,,Caesarea,1,6,7,"4019,"
174969,4054278605166,Karcher High Pressure Washer 120 Bar K3 Power Control 1.676-100.0 4054278605166 Shelldan,290,480,310,6540,10,07/11/22,,Caesarea,22,0,24,"4011,4012,"
175139,4058546225247,Milwaukee 800W 26mm Rotary Hammer + Rechangeable Futter + Suitcase 4933464579 4058546225247 By Delco,100,370,340,6185,10,26/04/22,,Caesarea,2,0,2,"4020,"
175197,7290108402001,American Eagle Professional Compressor For Truck 25134 7290108402001,280,380,300,11115,10,11/10/22,,Caesarea,2,0,2,"4028,"
176104,693493120630,Hidurit Samovar 40 Cups Stainless Rose Gold M-LR8 693493120630,260,480,270,3350,10,06/11/22,,Caesarea,3,0,3,"4024,"
176106,693493120647,Hidurit Samovar 60 Cups Stainless Rose Gold M-LR10 693493120647,310,470,320,3825,10,26/10/22,,Caesarea,3,0,2,"4025,"
176256,4251484400725,Eikaso Solingen Long Gyro Knife - 50cm Yellow 1715020-372 4251484400725,25,650,55,325,10,17/11/22,,Caesarea,2,0,2,"4026,"
176355,4242002451701,Bosch Multifunctional Mixer 6.2L 800W Gray/White MUM6N11 4242002451701 - 2Y Warranty BSH,290,430,360,7335,10,20/10/22,,Caesarea,11,0,12,"4006,"
176550,778988368459,Spin Master Batman Bat-Tech Batcave 2 in 1 7330H 778988368459,220,760,380,6790,10,27/10/22,,Caesarea,1,0,0,"4021,"
176805,4001702025885,Bruder Police Land Rover With Horsetrailer 530-2588 4001702025885,180,660,220,1655,10,03/10/22,,Caesarea,2,0,2,"4018,"
176826,4059952588889,Bosch GBH 180-Li Cordless Rotary Hammer+11Pcs SDS-plus Mixed Set In Suitcase 4059952588889 15990.M33,200,490,420,8665,10,30/10/22,,Caesarea,1,0,1,"4027,"
177061,075536381800,Lodge Cast Iron Cook It All 35.5cm L14CIA 075536381800,157,432,384,13430,10,01/02/23,,Caesarea,1,0,1,"4025,"
177109,075536381206,Lodge Cast Iron Camp Dutch Oven 30.48cm L12CO3 075536381206,180,320,320,9355,10,13/10/22,,Caesarea,1,0,1,"4022,"
177386,7290018694619,Z-GRILLS BBQ Butcher Paper 45X60cm 22172 7290018694619,80,615,80,1805,10,05/02/23,,Caesarea,6,0,6,"4018,"
177410,9312742893347,Dreambaby Ava Pressure Mounted Security Gate G9334BB DRG-9334W 9312742893347,30,780,600,3785,10,03/10/22,,Caesarea,2,0,2,"4028,"
178435,4005176324437,Grohe Essentials Cube Single Towel Rail 55cm Chrome 40509001 4005176324437,50,610,80,565,10,21/03/22,END,Caesarea,3,0,3,"4018,"
178991,4893669203518,Eastcolight Micro-Science - Microscope and Telescope With Safe Accessories 313-20351 4893669203518,70,420,390,930,10,18/12/22,,Caesarea,3,0,3,"4027,"
179024,4893669023031,Eastcolight Tele Science - Astronomical Telescope With Diagonal Mirror A35530 4893669023031,110,640,220,1075,10,12/10/22,,Caesarea,6,0,6,"4027,"
179314,7290114431002,Dragon Comfort Memory Foam Pillow Set For Office / Car / Gaming Chair GPDRC-MFP 7290114431002 ISFAR,650,970,650,0,10,21/03/22,,Caesarea,6,0,8,"4017,"
179525,4895218314751,Westinghouse Retro 4 Scheiben Pop Up Toaster 1750W Cream WKTTB809WH 4895218314751,260,350,340,3260,10,18/10/22,,Caesarea,1,0,2,"4020,"
179718,7290109864174,ZM Hamat Shower Stall Hanging Double Shelf Black 65012-1 7290109864174,150,610,220,980,10,03/10/22,,Caesarea,2,0,2,"4017,"
179723,7290102865119,ZM Hamat Garden Pro Almog 25m Automatic Hose Reel Set 7952000 7290102865119,230,430,370,9195,10,18/10/22,,Caesarea,4,9,11,"4007,"
179840,195713714761 3165140509480,Lenovo L27m-30 IPS 27 Inch 4ms 75Hz FHD VGA HDMI USB Type-C AMD FreeSync Black Monitor 66D0KAC2IS,410,830,810,35000,10,26/10/22,,Caesarea,7,0,2,"4016,"
179893,095205069341,Xerox C235V DNI Wifi Color Multifunctional Laser Printer,440,560,520,22970,10,23/10/22,,Caesarea,22,0,20,"4013,4014,"
179894,095205069327,Xerox C230V DNI Wifi Color Laser Printer,330,550,480,18780,10,07/11/22,,Caesarea,11,0,13,"4004,"
179940,7040351001014,Stokke Tripp Trapp Multistage Baby High Chair Natural 100101 7040351001014,90,790,500,6830,10,06/11/22,,Caesarea,162,0,153,"4005,4017,"
180235,7290109762821,Climex Adjustable Kettlebell 9kg CL-1102 7290109762821,210,320,260,18245,10,11/10/22,,Caesarea,1,0,1,"4028,"
180522,6986689632098,Penguin Baby Snake Pillow Peach Pink 6986689632098,140,460,380,1815,10,31/03/22,,Caesarea,1,0,1,"4018,"
180696,8882731258958,Benaton BT-5895 Electric Grill 1800W 8882731258958,120,550,280,2500,10,09/10/22,,Caesarea,2,0,1,"4023,"
180698,0506056967356 5060569671351,Breville Barista MAX Espresso Machine VCF126X 0506056967356 / 5060569671351 - 1 Year By H-Shalom,400,460,400,10880,10,07/11/22,,Caesarea,11,0,14,"4003,4004,"
180742,195477679009,Lenovo L32p-30 IPS 31.5 Inch 4ms 60Hz 4K USB-C HDMI DP FreeSync Black Monitor 66C9UAC1IS,180,820,520,10700,10,19/10/22,,Caesarea,28,0,28,"4016,"
180905,9780201400588,I-CAMP Cast Iron Folding Plancha for Bonfire 93457 9780201400588,30,450,450,5945,10,27/04/22,,Caesarea,14,0,13,"4022,"
181399,0608887786859,Yeelight Arwen Ceiling Light C Series 550C 4500lm YLXD013-C 88947 0608887786859 by Hemilton,130,655,655,3975,10,13/10/22,,Caesarea,4,0,8,"4005,"
181400,608887786842,Yeelight Arwen Ceiling Light C Series 450C 4000lm YLXD013-B 88948 0608887786842 by Hemilton,120,540,540,3030,10,13/10/22,,Caesarea,2,0,10,"4003,"
181560,7290005902192,Tyroler Ravmag Water Rubber Dustpan 7290005902192,70,920,310,900,10,06/11/22,,Caesarea,19,0,24,"4010,"
182012,884920361126,CrazArt Softee Doug Super Chef Set 50 Pcs 884920361126,80,560,450,2000,10,13/10/22,END,Caesarea,1,0,1,"4024,"
182039,845423024635,Razor Stunt Scooter PRO-XXX  RZR-13073427 13073427 0845423024635,130,680,560,4455,10,11/10/22,WTF,Caesarea,3,0,3,"4018,"
182108,4005176328657,Grohe Essentials Cube 4-IN-1 WC Set (Towel Rail+Ring/Paper Holder/Robe Hook) 40778001 4005176328657,80,620,230,1980,10,22/09/22,END,Caesarea,1,0,2,"4019,"
182180,4951035072899,Denon 9.2 Channel 2 Zone 8K AV Receiver AVC-X3700H HEOS and Voice Control By Bruhim,250,540,480,15000,10,06/11/22,,Caesarea,2,0,3,"4021,"
182406,3519280021508,Magimix Food Processor 4200JXL Premium 950W Matte Chrome CS-4200JCMXL 3519280021508 By Newpan,250,510,480,12060,10,27/10/22,,Caesarea,3,0,7,"4002,"
182836,7290109763514,Climex Folding Picnic Chair CL-400 7290109763514,100,640,560,3170,10,27/10/22,,Caesarea,1,0,1,"4026,"
182892,4005176328503,Grohe Essentials Cube 5-IN-1 WC Set (Towel Ra+Ri/Paper Holder/Robe Hook/Soap) 40758001 4005176328503,80,640,240,2495,10,22/09/22,END,Caesarea,2,0,2,"4018,"
182893,4005176872303,Grohe Solido 3-IN-1 WC Concealed Flush Systems Chrome 38832000 4005176872303,145,1150,520,13230,10,13/10/22,,Caesarea,6,0,6,"4011,"
183129,652182737108,Britax Skyline Booster Dusk 2737108 652182737108/652182729684,240,760,470,6575,10,06/11/22,,Caesarea,40,0,40,"4001,4002,"
183868,4001702036850,Bruder Mercedes-Benz Arocs Winter Service Vehicle with Plough Blade 530-3685 4001702036850,190,240,200,2635,10,14/04/22,,Caesarea,27,0,27,"4008,"
183953,7290014448896,Eurolux 12W T5 90 CM Shelf Light CCT White F-LED0090/CT 7290014448896,30,890,70,370,10,20/10/22,,Caesarea,3,0,3,"4024,"
183954,7290014448933,Eurolux 20W T5 120 CM Shelf Light CCT WHITE F-LED120-20W/CT 7290014448933,30,1195,70,435,10,12/10/22,,Caesarea,2,0,2,"4017,"
184753,8715688400852,BabySafe Cozy 4 Uptown Side Rider For Baby Carriage Black 4006 8715688400852,270,610,290,5475,10,23/10/22,,Caesarea,12,0,12,"4005,"
185278,7290111743559,Brateck Pop Out Landscape Video Wall Mount Up To 70KG / 45-70 Inch LVW06-46T 7290111743559,130,740,270,10920,10,13/10/22,,Caesarea,2,2,3,"4025,"
185405,3583164162014,Baby Tech Basic Mattress For Baby Bed 120*60*8 cm 3583164162014,80,1200,600,1760,10,27/10/22,,Caesarea,11,0,9,"4011,"
185406,3583164152985,Baby Tech Airflow Double Mattress For Baby Bed 100*60cm 3583164152985,90,1000,600,1780,10,13/10/22,,Caesarea,6,0,6,"4005,"
185407,3583164152978,Baby Tech Airflow Double Mattress For Baby Bed 120*60cm 3583164152978,90,1200,600,2165,10,24/10/22,,Caesarea,3,0,3,"4005,"
185408,3583164152930,Baby Tech Quilt Visco Breathable Mattress For Baby Bed 120*60cm 3583164152930,90,1200,300,2810,10,27/10/22,,Caesarea,1,0,1,"4024,"
185412,3583164162267,Baby Tech Airflow Visco Mattress For Baby Bed 120*60cm 3583164162267,100,1200,600,2840,10,27/10/22,,Caesarea,5,0,5,"4009,"
185413,3583164162274,Baby Tech Airflow Visco Mattress For Baby Bed 100*60cm 3583164162274,100,1000,600,2295,10,25/10/22,,Caesarea,1,0,0,"4019,"
186374,840006608844,Elgato Master Mount L 10AAB9901 840006608844,650,970,650,0,10,21/03/22,,Caesarea,17,0,17,"4018,"
186774,8806091076489,LG 27BN65Q-B LED QHD IPS 27 Inch 2xHDMI DP USB Black,190,680,540,9585,10,08/11/22,,Caesarea,3,0,3,"4028,"
186836,7290014448919,Eurolux 16W T5 120 CM Shelf Light CCT White  F-LED120/CT 7290014448919,30,1200,70,460,10,22/09/22,,Caesarea,1,4,5,"4028,"
186847,4002395289998,Milwaukee Cordless Compact Hand Vacuum 18V Body Only M18CV-0 4933459204 4002395289998 - By Delco,210,460,230,3780,10,24/03/22,,Caesarea,1,0,1,"4027,"
186852,4003665424477,Metabo DH 330 Bench Thicknesser Table Planer 1800W 97-D4M9-037612 0200033000 4003665424477,420,635,555,37170,10,27/10/22,,Caesarea,3,0,3,"4007,4008,"
187116,7396325293672,Kapro Genesis 781-41P Spirit Level 200cm KPR113596 7396325293672 - By Hashahal,35,2010,70,1470,10,30/11/22,,Caesarea,1,0,1,"4022,"
187351,300148001,Carne Perforated Square Pizza Peel 30.5CMx1.5M 300148001,15,1500,295,655,10,30/10/22,,Caesarea,2,0,1,"4023,"
187950,7833021131773,Avigail Infrared Heater with Remote and Bluetooth Speaker 2000W THH20R 7833021131773,280,770,300,4240,10,24/10/22,,Caesarea,4,0,4,"4003,"
188007,THH20R-STAND,Avigail Pole for THH20R Heater THH20R-STAND,170,520,500,8680,10,16/10/22,,Caesarea,3,0,3,"4020,"
188051,847539090955,Honey Can Do Multi Purpose Stand Over Toilet BTH-09095 847539090955,70,1010,205,5090,10,20/10/22,END,Caesarea,2,0,2,"4021,"
188052,847539091976,Honey Can Do Double Closet For Hanging And Shoes Gray WRD-09197 847539091976,90,800,410,7300,10,12/10/22,END,Caesarea,4,0,4,"4028,"
188054,847539089447,Honey Can Do Non Slip Thin Hangers Set 50 Pcs Gray Black HNG-08944 847539089447,170,390,380,5705,10,20/10/22,END,Caesarea,4,0,4,"4027,"
188078,4893431659079,Innova8 Goal Striker - Folding Mini Soccer Goal Set 65907 4893431659079,160,250,180,1230,10,03/04/22,,Caesarea,19,0,17,"4001,"
188080,4893431683012,Innova8 - Soccer Game Goal Striker 68301 4893431683012,100,720,400,4655,10,19/10/22,END,Caesarea,1,0,0,"4022,"
188428,7396321228036,Kapro Genesis 781-41PM Spirit Level 180cm KPR113604 7396321228036 - By Hashahal,40,1810,75,1465,10,20/10/22,,Caesarea,1,0,1,"4017,"
188701,4059952588872,Bosch GBH+GSR+GWS Kit 180-Li Cordless Rotary Hammer Mixed Set 4059952588872 15990.M32,330,540,340,11225,10,26/10/22,,Caesarea,4,0,5,"4004,"
189415,195891462171,Lenovo L27m-30 IPS 27 Inch 4ms 75Hz FHD VGA HDMI USB Type-C AMD FreeSync Black Monitor 66DEKAC2IS,140,710,480,8215,10,18/10/22,,Caesarea,29,0,28,"4016,"
189492,0693493049054,Chunks Fire Pit Grill Grate 60CM 0693493049054,10,620,620,1770,10,20/10/22,,Caesarea,2,0,2,"4017,"
189496,7290111748820,Brateck Height Adjustable Mobile Workstation With Tray White FWS07-7 7290111748820,135,890,670,17910,10,25/10/22,,Caesarea,2,0,2,"4002,"
189520,892514002423,BabySafe Cozy 4 Uptown Rider For Baby Carriage Without Light Gray/Black 4002 892514002423,290,360,340,5175,10,30/10/22,,Caesarea,8,0,8,"4006,"
189622,7290115001402,Normande Ceramic Dual Plate 2500W Nirosta ND-210 By Clinton,100,560,270,3775,10,20/02/24,,Caesarea,1,0,0,"4020,"
190206,7290100850022 KPR209866,Kapro 883G Prolaser 3D All Lines Set KPR209012 7290100850022 - By Hashahal,150,420,350,4265,10,02/02/24,,Caesarea,3,0,3,"4014,"
190212,7290100850831 KPR209553,Kapro 875G Prolaser All Lines Set Green KPR210099 7290100850831 - By Hashahal,200,680,370,7545,10,23/10/22,,Caesarea,6,0,8,"4009,"
190252,8806092632448,Samsung F27T450FZM/R IPS Professional Monitor 27 Inch FHD 75Hz DP 2xHDMI 2xUSB Black,140,680,410,6150,10,09/11/22,,Caesarea,38,0,38,"4016,"
190830,4059952570822,Bosch EasyHedgecut 55 450W Corded Hedge trimmer (0 600 847 C02) 4059952570822 0847.C02,180,970,190,3625,10,11/10/22,,Caesarea,0,4,4,"4028,"
191059,7290100842942 KPR144916,Kapro 985D Digiman Digital Magnetic Levl 60cm + Cary Bag KPR209961 7290100842942 - By Hashahal,140,340,170,1135,10,26/04/22,,Caesarea,2,0,2,"4028,"
191768,5413184120634,KitchenAid Artisan Stand Mixer 4.8L Black Noir 5KSM175PSEOB 5413184120634 - By Newpan,280,410,390,12075,10,06/11/22,,Caesarea,4,0,3,"4012,"
192354,7290107903875,Su Chef Cutting Board 40X60X2cm Grey 700008307 7290107903875,20,600,400,4200,10,27/11/22,,Caesarea,4,2,6,"4017,"
192568,093573563461,Cricut Maker DIY Digital Cutting Machine Champagne 90909-070-02 093573563461,280,660,280,10725,10,09/10/22,,Caesarea,1,0,1,"4024,"
193003,5060568342320,Ooni Pizza Turning Peel UU-P09400 5060568342320,10,200,20,575,10,13/04/22,,Caesarea,2,0,2,"4019,"
193273,731304339243,APC Easy UPS On-Line SRV 2000VA/1.6kWatts 4 Outlets SRV2KI 731304339243,240,400,360,19565,10,06/10/22,END,Caesarea,1,0,1,"4024,"
194352,731304337973,APC Easy UPS On-Line SRV 3000VA/2.4kWatts 6+1 outlets SRV3KI 731304337973,340,570,450,28800,10,12/10/22,END,Caesarea,1,0,0,"4003,"
194408,7290015181594,Lipski Hamat Toilet Seat Number 4 White 218360H 7290015181594,30,410,310,1315,10,13/04/22,,Caesarea,2,6,6,"4024,"
194593,3362934403089,Thrustmaster T.Flight Full Kit X Rudder Pedals & Hotas One Stick For Xbox & PC 4460211 3362934403089,330,510,370,6095,10,24/10/22,END,Caesarea,2,0,2,"4022,"
194824,088381670852,Makita LXT 2x18V Cordless Chain Saw 300mm (Body Only) DUC302Z 088381670852,250,360,260,4490,10,07/12/22,,Caesarea,3,0,3,"4025,"
194964,7290006907554,Bolt FT901 Folding Carrying Cart Up To 90Kg BLT000042 7290006907554 - By Hashahal,50,750,400,3505,10,03/10/22,,Caesarea,26,0,27,"4009,"
194985,7290006907561 BLT000043,Bolt FT1501 Folding Carrying Cart Up To 150Kg BLT000043 7290006907561 - By Hashahal,40,480,120,6240,10,02/05/22,,Caesarea,17,0,15,"4006,"
195085,191856085911,Tender Leaf Running Rabbit Ride On TL8591 191856085911,210,390,340,5745,10,30/10/22,,Caesarea,2,0,2,"4025,"
195221,6934177744761,Xiaomi Smart Mi Air Purifier 4 White BHR5096GL 81020 6934177744761 - 1 Year Warranty by Hemilton,300,640,300,6810,10,06/11/22,,Caesarea,45,0,53,"4011,4012,"
195274,6942138984590,Bestway Conopy Ultra Pool Set Shade + Cover + Ladder 396X107cm Khaki 5614V 6942138984590,370,1165,540,51000,10,20/10/22,,Caesarea,1,0,1,"4001,"
195363,887961938319,Fisher Price Stow n Go Bassinet GWD36 02500816MAT 887961938319,150,890,610,8975,10,06/11/22,,Caesarea,15,0,15,"4018,"
195622,4054278544830,Karcher Window Vac Accessories Extension Set 0.6 - 1.5m PN: 2.633-144.0 4054278544830 - Shelldan,65,97,65,0,10,19/01/25,,Caesarea,2,0,1,"4018,"
195630,3362934002848,Thrustmaster T-SEries T3PM 3 Add-on Pedals For PC/PS4/PS5/Xbox Series/Xbox One 4060210 3362934002848,240,410,370,4320,10,30/10/22,END,Caesarea,3,0,3,"4021,"
195636,8422473526603,PIHER Fast Bar Clamp 60cm 44-52660 8422473526603,35,795,215,1000,10,04/12/22,,Caesarea,2,0,2,"4025,"
195668,7290016783568,Barkan Extra Long And Stable TV Wall Mount Up To 13-90 Inch BM466XP 7290016783568,120,930,360,12260,10,24/10/22,,Caesarea,5,0,4,"4014,"
195674,7290018729786,Dadada Learning Tower Graphite  2340400 7290018729786,80,975,475,6825,10,18/10/22,,Caesarea,11,7,18,"4014,"
195766,5703120109749,Dali Katch One Powerful Hi-Fi Soundbar With BT And HDMI Iron Black P/N: 243811 5703120109749,140,1065,250,5020,10,09/10/22,END,Caesarea,1,0,1,"4021,"
195819,7290017982441,Pit Toys Activity Rug - Lion 14058 668-32 7290017982441,80,580,440,1370,10,01/04/22,,Caesarea,3,0,2,"4005,"
195840,7290017982380,Pit Toys 2 in 1 Baby Walker and Activity Table 14070 HE0829 7290017982380,40,380,100,2540,10,13/04/22,,Caesarea,6,0,7,"4002,"
196271,7312795340210,Bona Premium Spray Mop Hard Surface Floors CA202020011 7312795340210,90,720,150,2285,10,29/09/22,,Caesarea,1,0,1,"4023,"
196273,7312795240251,Bona Premium Spray Mop For Wood Floors With Lacquer Finish CA201010011 7312795240251,100,720,140,2360,10,12/10/22,,Caesarea,1,0,1,"4019,"
196884,6943478034808,Hape Rock and Slide Musical Dollhouse E3411 6943478034808,100,600,480,5820,10,13/12/22,,Caesarea,1,0,0,"4024,"
197666,3165140810272,Bosch Ghp 5-75X 2600W Professional High Pressure Washer (0 600 910 800) 3165140810272 0910.8,390,780,430,32000,10,27/10/22,,Caesarea,2,0,3,"4011,"
197670,3165140716765,Bosch Ghp 5-13 C 2300W Professional High Pressure Washer (0 600 910 000) 3165140716765 0910,270,510,320,20105,10,16/10/22,,Caesarea,3,0,3,"4026,"
198110,7297425861542,Homestyle Zebra Roller Shades - 100x160cm Light Grey 86154 7297425861542,65,1130,75,1465,10,13/10/22,,Caesarea,6,0,6,"4024,"
198136,7297425865700,Homestyle Double Layered Roller Shades - 120x160cm White 86570 7297425865700,50,1330,50,1205,10,02/10/22,,Caesarea,1,0,1,"4026,"
198137,7297425865649,Homestyle Double Layered Roller Shades - 100x160cm Beige 86564 7297425865649,40,1630,40,1025,10,29/09/22,,Caesarea,4,0,4,"4020,"
198394,7290100847954 7290100850695,Kapro 872G Prolaser Plus Set Green With Tripod Up To 60M KPR210101 7290100850695 - By Hashahal,140,660,140,1875,10,30/10/22,,Caesarea,3,58,58,"4003,"
198413,7290100851951 KPR209588,Kapro 175 MaxPro 175-82 Spirit Level 60cm KPR210103 7290100851951 - By Hashahal,20,590,50,585,10,29/09/22,,Caesarea,15,0,15,"4023,"
198417,7290100843659,Kapro Condor 905-40P Spirit Level 120cm KPR157626 7290100843659 - By Hashahal,35,1200,70,1255,10,11/10/22,,Caesarea,2,0,2,"4022,"
198419,7290100843635,Kapro Condor 905-40P Spirit Level 80cm KPR157624 7290100843635 - By Hashahal,40,800,60,910,10,28/09/22,,Caesarea,2,0,2,"4017,"
198440,7290100843697,Kapro Condor 905-40PM Spirit Level 120cm KPR157631 7290100843697 - By Hashahal,35,1200,70,1475,10,11/10/22,,Caesarea,1,0,1,"4017,"
198450,7290109865478,ZM Hamat Reef Round Shower System Black 6137011-1 7290109865478,90,1000,290,2400,10,03/10/22,,Caesarea,5,0,5,"4023,"
198706,5903641178327 7290115071474 7290115079234 7290117826119,Simcha Disposable Helium Gas Tank 50 Balloons 7290117826119 / 7290115079234 / 5903641178327,240,450,240,4240,10,21/04/22,,Caesarea,192,0,195,"4001,4011,4013,4014,"
198931,7290100843710,Kapro 317T Magnetic Folding Post Level KPR158376 7290100843710 - By Hashahal,180,350,290,480,10,21/03/22,,Caesarea,4,0,4,"4022,"
199219,4242005238699,Bosch 3-IN-1 Push Toaster 2000W Silver TCG4215 4242005238699 - 2Y Warranty BSH,190,410,360,5070,10,26/10/22,,Caesarea,58,0,61,"4031,"
199816,7297425861573,Homestyle Zebra Roller Shades - 160x160cm Light Grey 86157 7297425861573,65,1735,75,2240,10,06/10/22,,Caesarea,2,0,2,"4027,"
200199,8718446109301,New Classic Toys Container Crane on Wheels 10930 8718446109301,140,580,310,2055,10,20/10/22,,Caesarea,3,0,3,"4018,"
200459,4078500051941,Gardena Rollup S Rotoroll Evolution 15m Hose 18602 62018602 4078500051941,230,540,420,8975,10,23/10/22,,Caesarea,5,0,7,"4003,"
200592,8806091605603,LG 40WP95CP-W LED WUHD IPS FreeSync 39.7 Inch 2xHDMI DP UltraWide Silver Monitor,265,1050,525,16565,10,08/11/22,,Caesarea,2,0,2,"4015,"
200669,194735030675,Hot Wheels Multi-Loop Raceoff HDR83 02477336MAT 0194735030675,60,570,340,1530,10,31/03/22,WTF,Caesarea,40,0,40,"4008,"
203136,6941057404042,Intex Ultra/Deluxe Round Pool Cover 549cm 28041 6941057404042,179,407,363,4285,10,02/02/23,,Caesarea,3,0,3,"4023,"
203144,6941057422237,Intex Easy Set Round Solar Pool Cover 488cm 28014 6941057422237,320,640,410,4080,10,11/10/22,,Caesarea,2,0,2,"4022,"
203459,9312646032903,Everdure Aura Pedestal Fan Blue EP125BUS 9312646032903,280,1190,565,9985,10,13/10/22,EOL,Caesarea,9,0,9,"4004,4005,"
205055,3583164152954,Baby Tech Airflow Double Mattress For Baby Bed 127*66cm 3583164152954,90,1370,660,2290,10,12/10/22,,Caesarea,10,0,11,"4004,"
205057,3583164152992,Baby Tech Basic Mattress For Baby Bed 127*66*8 cm 3583164152992,80,1270,660,2125,10,30/10/22,,Caesarea,11,0,11,"4006,"
205058,3583164152909,Baby Tech Quilt Visco Breathable Mattress For Baby Bed 127*66cm 3583164152909,100,1270,660,3550,10,30/10/22,,Caesarea,3,0,4,"4004,"
206251,7290003975501,Barkan Mobile TV Mount Cart - Tilt & Height Adjustment 13-65 Inch SW310H 7290003975501,140,780,210,8040,10,30/10/22,,Caesarea,4,0,6,"4020,"
206259,6856743165056,Westinghouse Talia 42 Inch 3 Wings Ceiling Fan Black RC 73063-2848 6856743165056,240,490,270,6155,10,06/11/22,,Caesarea,7,0,5,"4024,"
206261,6856743538386,Westinghouse Talia 48 Inch 3 Wings Ceiling Fan Black RC 73065-2848 6856743538386,230,590,250,6485,10,13/10/22,,Caesarea,2,0,2,"4021,"
206265,6856741172254,Norther P Primo CCT 42 Inch 3 Wings Ceiling Fan With Light Black NTP-PRM42-BK-LED 6856741172254,250,720,310,7505,10,11/10/22,,Caesarea,2,0,2,"4018,"
206266,6856743209224,Norther P Primo CCT 42 In 3 Wings Ceiling Fan + Light Bl/Wood NTP-PRM42-BKBW-LED 6856743209224,250,710,300,7515,10,03/10/22,,Caesarea,4,0,4,"4027,"
206394,7290018619926,Arcosteel Professional Saute Pot 40X9.5cm 10L Silicone Handles 439-19926-40 7290018619926,110,450,430,4480,10,24/04/22,,Caesarea,3,0,3,"4019,"
206568,5055300406729,Cambridge Audio Micro Component System Minx Xi Digital Music System With Streamer Black,230,430,320,7385,10,06/10/22,END,Caesarea,2,0,2,"4019,"
206704,6921207384295,Sol Toaster Oven 25L SL-25L 6921207384295 By Shaulian,380,520,410,8016,10,25/10/22,,Caesarea,2,0,2,"4009,"
207974,7290014430563,Universe Barrel Vacuum Cleaner 1600W 30L NRI-703-V65 3101325 7290014430563,370,780,400,11495,10,25/10/22,,Caesarea,5,0,4,"4005,"
208238,4895038542365,Bali Toy Disney Cars Sing Along Keyboard Set B-2042 4895038542365,120,590,450,2425,10,20/10/22,,Caesarea,23,0,23,"4003,"
208240,4895038542327,Bali Toys Disney Cars Electric Guitar B-2043 4895038542327,70,640,240,1075,10,19/10/22,,Caesarea,3,0,3,"4018,"
208740,847539085791,Honey Can Do Storage Orgenizer With 4 Compartments And Hooks SHF-08579 847539085791,210,520,480,2410,10,06/10/22,END,Caesarea,1,0,1,"4020,"
208741,847539088037,Honey Can Do 8-Piece Wire Wall Grid with Storage Accessories SHF-08803 847539088037,110,390,390,1035,10,12/10/22,END,Caesarea,1,0,1,"4025,"
208744,847539091327,Honey Can Do Storage Stand With 3 Metal Shelves Olive Green SHF-09132 847539091327,90,550,380,5330,10,19/10/22,END,Caesarea,1,0,2,"4028,"
208750,847539093192,Honey Can Do Cotton Baskets Set Pink White STO-09319 847539093192,90,460,240,1210,10,13/10/22,END,Caesarea,3,0,3,"4028,"
208906,3362934403058,Thrustmaster TCA Yoke Boeing Edition Xbox series X/S & PC  4460209 3362934403058,380,480,470,7565,10,26/10/22,END,Caesarea,1,0,1,"4024,"
208910,3362934402754,Thrustmaster T248X Racing Wheel Set For Xbox & PC 4460182 3362934402754,330,460,370,8885,10,18/10/22,END,Caesarea,3,5,9,"4022,"
208932,7290115000726,Normande Microwave digital 30L Black 950W ND-3095 By Clinton,320,570,430,15635,10,27/10/22,,Caesarea,4,0,4,"4005,"
208948,602573868454,GMG Stainless Steel Cart For TREK Smoker 602573868454,400,630,450,20040,10,07/11/22,,Caesarea,1,0,1,"4002,"
209539,4242002770864,Bosch Meat Grinder +Food Processor Accessories Nirosta 2200W MFW68640 4242002770864 -2Y Warranty BSH,290,390,290,7075,10,25/10/22,,Caesarea,16,0,17,"4003,"
209548,4242005185191,Bosch Multifunctional Mixer +Scale 3.9L 1000W Champagne/White MUM5XW10 4242005185191 2Y Warranty BSH,340,400,400,7565,10,19/10/22,,Caesarea,39,0,40,"4003,4004,"
209994,088381838832,Makita LXT 18V Cordless Kit Impact Driver+Driver Drill+3xBattery+Charge+Case DLX2127MX1 088381838832,140,460,380,7290,10,06/10/22,,Caesarea,17,0,20,"4013,"
210085,8806092750685,Samsung S24A400UJM Monitor LED IPS 23.8 Inch FHD 5Ms DP HDMI USB-C 5xUSB FreeSync Black,210,590,380,6555,10,09/11/22,,Caesarea,15,0,14,"4016,"
210157,7291057101700,Klips Quick Release Clamp One Hand 24 Inch 70x60mm 111813-005 7291057101700,20,880,190,885,10,03/10/22,,Caesarea,2,0,2,"4026,"
210162,7291057101694,Klips Quick Release Clamp One Hand 18 Inch 70x450mm 111813-004 7291057101694,40,710,170,740,10,03/10/22,,Caesarea,4,0,4,"4024,"
210199,7290100843741,Kapro Condor 905-40P Spirit Level 180cm KPR157627 7290100843741 - By Hashahal,20,1850,60,1925,10,29/09/22,,Caesarea,1,0,1,"4023,"
210259,4711081047582,Asus VA24DQSB Eye Care Monitor 23.8 Inch IPS FHD 5ms DP HDMI VGA 2xUSB FreeSync 90LM054L-B02370,220,620,440,7180,10,09/11/22,,Caesarea,3,0,3,"4023,"
210284,7501206659908 7501206691601,Truper EM-22 Plastic Leaf Rake With Wooden Handle 19785 7501206659908,40,1220,550,485,10,11/10/22,,Caesarea,4,0,5,"4027,"
210293,9120035822482,Pro-Ject Speaker Box 5 2-way Bookshelf Speakers Piano Black 9120035822482,270,370,320,9985,10,20/10/22,END,Caesarea,2,0,2,"4020,"
210506,9780515957532,NGL Beach Wagon Blue 1014 9780515957532,160,630,500,6585,10,25/10/22,,Caesarea,4,0,1,"4003,"
210725,4711174723980 846504003983,Synology DiskStation DS2422+ 12-Bay 846504003983,430,470,440,12615,10,12/10/22,,Caesarea,1,0,1,"4019,"
210810,,CT Stand Electric Wall Ceiling For TV Screen Up To 75Inch 35Kg ECL75PRO,160,730,300,10220,10,24/10/22,,Caesarea,2,0,1,"4005,"
210816,4078500052061,Gardena Wall Mounted Automatic Watering Device XL 35 Meter Hose 18630-20 62018630 4078500052061,260,660,490,15610,10,13/10/22,,Caesarea,15,0,15,"4002,"
210932,196188567340,HyperX Pulsefire Gaming Mouse Pad Extra Extra Large HMPM1-2XL 4Z7X6AA,110,610,110,1800,10,28/10/22,,Caesarea,28,0,45,"4010,4020,"
211226,0887961761184 887961761184,Mega Bloks Ride N Chomp Croc Ride-On GFG22 002501636MAT 0887961761184,290,450,300,2525,10,13/12/22,,Caesarea,2,0,2,"4022,"
211503,7290016755923,Star 44 Inch Ceiling Fan With Light 3 And Remote Control Black 7290016755923 Item Key 3344,190,580,220,5875,10,09/11/22,,Caesarea,137,0,144,"4004,4008,4009,"
211507,7290017804651,Venta HARMONYA 3 45 Inch 3 Wings Ceiling Fan With Light And Remote Black 354599501 7290017804651,230,570,360,6455,10,16/10/22,,Caesarea,5,0,4,"4012,"
211580,7290112635082,Keter Connect Organizer Tow Drawer Black 250255 7290112635082,185,542,310,4650,10,03/05/24,,Caesarea,4,0,3,"4010,"
212267,4718017756426,Asus VA27DQSB 27 Inch Eye Care Monitor IPS FHD 75Hz Adaptive-Sync DP HDMI VGA Black 90LM06H1-B02370,230,700,430,8870,10,09/11/22,,Caesarea,52,0,52,"4016,"
212592,052181456169,BabySafe TS001 360 Hanging Car Seat With I-Size Black / Gray 9001 052181456169,460,600,520,12870,10,24/10/22,,Caesarea,13,0,6,"4001,4002,"
212593,052181455025,BabySafe TS001 360 Hanging Car Seat With I-Size Dark Gray 9002 052181455025,450,620,500,12210,10,13/10/22,,Caesarea,46,8,51,"4000,4004,"
212626,8458998902608,Benaton BT-9026 Food Processor 8458998902608,240,400,370,4235,10,03/10/22,,Caesarea,1,0,1,"4027,"
212712,4044951035106,Sharkoon MS-Z1000 White Micro ATX Case No PSU 4044951035106,240,470,400,6615,10,19/10/22,,Caesarea,4,0,5,"4001,"
212930,4242005280476,Bosch Serie 6 Electric Ceramic Hob With 4 Heat Surface DirectSelect 6600W 60cm Black PKF631FB2Y -BSH,100,750,590,8165,10,24/10/22,,Caesarea,30,0,30,"4012,"
212941,4002395236220,Milwaukee Metal Crosscut Saw 2300W CHS 355 4933411760 4002395236220 - By Delco,370,590,410,20990,10,07/11/22,,Caesarea,1,0,1,"4021,"
212943,7290105777355,Delonghi Digital Microwave 20L 700W Green DL-3820-G 7290105777355 - By Brimag,290,470,380,11035,10,27/10/22,,Caesarea,9,0,9,"4004,"
212959,8806091294067,LG Smart Inverter Digital Microwave Combine Grill 42L 1200W Black MH8235GIB 8806091294067 -By Brimag,330,590,490,14840,10,13/10/22,,Caesarea,5,0,4,"4002,"
212963,8806091527554,LG Ellipse Cyclone Vacuum Cleaner VC5520NHTCS.AFSQDAG 8806091527554 - By Brimag,290,580,310,8515,10,13/10/22,,Caesarea,4,0,4,"4006,"
212964,8021098000248,Braun CareStyle 1 Steam Generator 1.5L 2200W Blue IS1012BL 8021098000248 - By Brimag,230,370,290,3485,10,20/12/22,,Caesarea,1,0,1,"4027,"
212965,7290105777324,Delonghi Mechanical Microwave 20L 700W White DL-3720-W 7290105777324 - By Brimag,290,480,370,11100,10,13/10/22,,Caesarea,2,0,1,"4001,"
213264,7290016755855,Electro Star 44 Inch Ceiling Fan With Light 3 Black 7290016755855 Item Key 3343,200,560,230,5745,10,16/10/22,,Caesarea,8,0,8,"4004,"
213265,7290016755206,Star 7 36 Inch Ceiling Fan With Light and Remote White 3736 Item Key 7290016755206,250,620,250,6050,10,25/10/22,,Caesarea,8,0,9,"4004,"
213266,7290016755213,Star 7 36 Inch Ceiling Fan With Light and Remote Black 3737 Item Key 7290016755213,240,620,250,6015,10,23/10/22,,Caesarea,14,0,15,"4005,"
213295,8004399334120,Delonghi Magnificas Smart Espresso Machine Silver / Black ECAM250.23.SB 8004399334120 - By Brimag,300,500,410,11795,10,06/10/22,,Caesarea,7,0,9,"4010,"
213476,4001702025939,Bruder Land Rover Defender with Trailer and JCB Excavator with Figure 530-2593 4001702025939,180,670,220,1400,10,12/10/22,,Caesarea,1,0,1,"4027,"
213573,0374318823874 374318823874,Singer Sewing Machine Tradition 2259 White 0374318823874 By Bruhim,220,430,340,7090,10,25/10/22,,Caesarea,2,0,0,"4003,"
213776,7290108406658,American Eagle Royal Leather Steering Cover XL Black 09029 7290108406658,50,470,460,905,10,25/09/22,,Caesarea,1,0,1,"4028,"
214198,7290005902611,Tyroler Push And Pull Rubber Floor Squeegee 44cm 7290005902611,45,1395,80,625,10,16/10/22,,Caesarea,88,0,91,"4014,"
214371,714346329205,Bowers & Wilkins Formation Wedge Wireless Speaker AirPlay 2 Silver FP39764 714346329205,330,520,330,8465,10,28/09/22,END,Caesarea,1,0,1,"4019,"
214480,7290117720257,Bpatent Over The Toilet Space Saver With 3 Shelves Black 7290117720257,70,910,270,2465,10,20/10/22,,Caesarea,29,0,29,"4011,"
214636,4005176488849,Grohe Minta Single-Lever Sink Mixer 1/2 Inch Faucet Brushed Warm Sunset 32322DL2 4005176488849,80,560,210,3245,10,22/09/22,END,Caesarea,4,0,4,"4019,"
214838,3032161204246,Smoby Disney Cars Big Garage Set 4246 3032161204246,50,215,165,120,10,08/05/24,END,Caesarea,2,0,2,"4001,"
215416,7290016755831 7290116755831,Star 18 Inch Industrial Fan With Remote Black FE45FR 7290116755831 173,220,580,550,6520,10,26/10/22,,Caesarea,1,0,0,"4019,"
215596,7290115000801,Normande Gas Domino Hob Silver ND-3051 By Clinton,160,550,360,6535,10,26/10/22,,Caesarea,2,0,2,"4005,"
215756,3165140772556,Bosch BT 250 Building Tripod (0 601 096 A00) 3165140772556 1096.A,160,1010,190,4545,10,06/11/22,,Caesarea,1,0,1,"4020,"
216041,7291044108576,Semicom 25W Kitchenled Rectangular Ceilling Adjacent CCT White SM-MC897W/25CT 7291044108576,80,650,160,1395,10,12/10/22,,Caesarea,3,0,3,"4019,"
216126,6921701023065,Sol Exclucive 42 Liter Ultra Chef Oven SL-4200L Black 6921701023065 By Shaulian,380,640,590,20375,10,23/10/22,,Caesarea,1,0,1,"4007,"
216766,8710755130205,Brabantia BO 60L Touch Trash Can White Y-130205 8710755130205,370,740,600,10090,10,30/10/22,,Caesarea,1,0,1,"4027,"
216768,8710755315848,Brabantia BO 36L Touch Trash Can Fingerprint Proof Matte Grey Y-315848 8710755315848,370,590,520,7750,10,26/10/22,,Caesarea,3,0,2,"4002,"
216896,7290100846445,Kapro 886-58 Pole And Tripod For Laser Level 3.2m KPR173294 7290100846445 - By Hashahal,120,1295,145,2036,10,27/10/22,,Caesarea,2,0,2,"4024,"
217265,7290016783582,Barkan Mobile TV Mount Cart With Metal Shelf Up To 83 Inch SW411H 7290016783582,150,800,260,10850,10,30/10/22,,Caesarea,2,0,2,"4021,"
217478,7290018927823,Bolt FT3502 Folding Aluminum Carrying Cart Up To 250Kg BLTSTGFT3502 7290019409403 - By Hashahal,140,1330,490,19000,10,06/11/22,,Caesarea,16,0,12,"4001,4002,"
217676,7290105778406,Graetz Toaster Oven 33L Black OT-3650 7290105778406 - By Brimag,360,560,460,9335,10,26/10/22,,Caesarea,2,0,2,"4019,"
217688,7290105778413,Graetz Toaster Oven 40L Black Kosher 1800W OT-4270 7290105778413 - By Brimag,390,610,460,10930,10,25/10/22,,Caesarea,1,0,1,"4021,"
217704,8710755200526,Brabantia BO 60L Laundry Bin Mat Black Y-200526 87107551200526,390,640,450,5715,10,26/10/22,,Caesarea,2,0,2,"4025,"
217705,8710755200502,Brabantia BO 60L Laundry Bin White Y-200502 87107551200502,390,650,460,5730,10,24/10/22,,Caesarea,1,0,1,"4011,"
217706,8710755200540,Brabantia BO-HI 2X45L Laundry Bin White Y-200540 8710755200540,390,675,655,7530,10,26/10/22,,Caesarea,4,0,4,"4005,"
217844,7290016755589,Star 9 44 Inch Ceiling Fan With Light And Remote Matt White 7290016755589 3906,230,750,250,6125,10,20/10/22,,Caesarea,28,0,28,"4006,"
217856,0622356249003 622356249003,Ninja Foodi Pro Max Health Grill & Air Fryer 2460W AG651EU 0622356249003 By Bruhim,370,590,440,15700,10,07/11/22,,Caesarea,113,0,112,"4031,"
217904,8720389002793,Saeco Xelsis Suprema Coffee Machine 22xBeverage 576717 SM8885/00 8720389002793,370,600,510,14345,10,23/10/22,,Caesarea,3,0,4,"4006,"
218389,,Dr.Whinsdorf Foot Massager ZQ-8009 BY DARNA,480,550,500,13210,10,07/11/22,,Caesarea,9,0,11,"4003,"
218564,0622356242967 622356242950,Shark Cordless Hand-Held Vacuum Cleaner 25.2V IZ320EU 0622356242967 By H-Shalom,190,770,280,6545,10,23/10/22,,Caesarea,45,0,52,"4011,"
218570,773554151268,Infantino 3 In 1 Walker Table Colourful 773554151268,210,490,440,3075,10,26/10/22,,Caesarea,5,0,4,"4023,"
218620,0374318823942 374318823942,Singer Sewing Machine Tradition 2263 White 0374318823942 By Bruhim,220,440,360,7135,10,18/10/22,,Caesarea,4,0,0,"4009,"
218649,341776518725 3417765187254,VTech Learn and Dance Dino - Green 80-150542 VTHH-518725 3417765187254,120,400,380,1760,10,13/12/22,END,Caesarea,4,0,4,"4017,"
219275,8613570232362,ExecutiveSafe Electronic Safe With Key CS-2 12.3L 5.85kg XESCS2 8613570232362,210,300,290,5715,10,13/10/22,,Caesarea,20,0,20,"4009,"
219341,4002395244423,Milwaukee Angle Grinder AG 22-230 2200W 4933433630 4002395244423 - By Delco,180,590,190,7140,10,16/10/22,,Caesarea,1,0,0,"4025,"
219615,8806091644138,LG 29WQ600-W UWFHD IPS FreeSync 29 Inch HDMI DP USB Type-C UltraWide White Monitor,150,800,390,7000,10,09/11/22,,Caesarea,16,0,14,"4015,4016,"
220657,5011802412767 5052847033883,Yale Standard Series Digital Mini Safe With Key 2.3KG Black 90100808 5011802412767,170,240,210,3240,10,24/04/24,,Caesarea,5,0,0,"4008,"
220658,5010609182200,Yale Standard Series Digital Safe With Key 3.6KG 90100392,220,330,220,4500,10,03/07/24,,Caesarea,1,0,0,"4006,"
220662,5010609081626,Yale Standard Series Mechanical Hidden Floor Safe With Key 7.5KG 90100143,146,407,224,8295,10,30/07/24,,Caesarea,3,0,3,"4005,"
220746,3121040082904,Tefal Pro Express Vision Steam Iron 3260W Up to 9 BAR GV9821E0 3121040082904 By Newpan,280,440,340,6280,10,25/10/22,,Caesarea,20,0,20,"4002,"
220835,7506240646884,Truper Mach-18X Duble Edge Macheta With Sheath 18 Inch + Case 13098 7506240646884,40,670,80,705,10,29/11/22,,Caesarea,1,0,1,"4023,"
221215,5011423202211,KMix Metal Stand Mixer Gold 5L 1000W KMX761YG 5011423202211 - By Brimag,310,460,400,11235,10,16/10/22,,Caesarea,3,0,3,"4014,"
221731,4043034164184,Reloop RP1000 Mk2 Belt Drive DJ Turntable 4043034164184,230,520,420,7200,10,13/10/22,,Caesarea,10,0,10,"4003,"
222729,4242005280292,Bosch Serie 4 Electric Ceramic Hob 4 Heat Surface Touchselect 6600W 60cm Black PKE611BB2Y -BSH,100,750,590,8120,10,25/10/22,,Caesarea,7,0,7,"4002,"
22281,5099206023536,Logitech Z906 5.1 Speaker System 980-000468 5099206023536,380,450,450,16715,10,27/10/22,,Caesarea,3,24,34,"4003,"
223108,3138522123987,Coleman Sky Lodge Tent 6 Person 2000038694 3138522123987,270,1180,275,13305,10,23/10/22,,Caesarea,11,0,11,"4003,"
223980,3519280023915,Magimix Food Processor 4200JXL Premium 950W Shiny Chrome CS-4200JCBXL 3519280023915 By Newpan,250,500,480,12170,10,30/10/22,,Caesarea,3,0,3,"4026,"
224305,9312742892067,Dreambaby Arizona Extenda Gate 68-112cm Charcoal G9206BB 9312742892067,40,690,590,3665,10,18/10/22,,Caesarea,4,0,4,"4024,"
224905,9780696862618,NGL Beach Wagon Premium With Wide Wheels 1072,260,740,340,10885,10,13/10/22,,Caesarea,15,0,11,"4009,4010,4011,"
224963,8710103894735,Philips 2200 Series Coffee Machine 2xBeverage Cashmere Gray 576747 EP2224/10 8710103894735,290,480,470,9300,10,27/10/22,,Caesarea,16,0,27,"4004,"
225348,7290018657294,Gold Line Mini Fridge 50 Liter BC-50B Black 7290018657294,460,520,510,13110,10,18/10/22,,Caesarea,40,0,39,"4003,4004,"
225417,7297425810359,Homestyle Floor Mat 100 Cotton - 120x180cm Disney Minnie Mouse 81035 7297425810359,140,1220,140,3455,10,06/11/22,END,Caesarea,3,0,3,"4017,"
226205,5705548044374,Baby Dan 32cm Extension For Asta Safety Gate 5705548044374,30,720,330,2010,10,06/10/22,,Caesarea,2,0,2,"4027,"
226206,5705548044381,Baby Dan 64.5cm Extension For Asta Safety Gate 5705548044381,30,735,660,3800,10,06/10/22,,Caesarea,1,0,1,"4018,"
226266,6946499311323,Jimmy Handheld Cordless Vacuum Cleaner H8 Plus 6946499311323 - 2 Years Warranty By Ronlight,200,700,220,4430,10,06/11/22,,Caesarea,1,0,0,"4013,"
226268,6946499311156 6946499411153,Jimmy Handheld Cordless Vacuum Cleaner H9 Flex 6946499411153 / 6946499311156 - 2Y Warranty By Ronlig,200,660,300,5685,10,13/10/22,,Caesarea,6,0,12,"4002,"
226312,7291057106767,Super-Bag Wall Mounted Rack Storage Organizer 35 Psc 170127-001 7291057106767 By Smith,190,590,410,3650,10,30/10/22,,Caesarea,2,0,2,"4005,"
226788,6944271666364,Midea Digital Microwave 23L 800W Silver AM823A2AP 65003 6944271666364,320,500,430,13880,10,07/11/22,,Caesarea,8,0,8,"4004,"
227013,69705551700291 6975052190020,Hizero F500 Smart Cordless All in One Bionic Hard Floor Cleaner 6970555170029-1 / 6975052190020,180,930,370,8895,10,19/10/22,,Caesarea,45,0,50,"4000,4002,"
227264,7290018657720,Gold Line 1760W Turbo Hurricane Expert Grill ATL-778 7290018657720,300,470,360,6950,10,11/10/22,,Caesarea,1,0,1,"4024,"
227265,7290018657881,Gold Line 1800W Turbo Hurricane Grill ATL-777 7290018657881,320,460,450,8745,10,11/10/22,,Caesarea,2,0,0,"4021,"
227364,4242002770062,Bosch VitaJuice 4 1.5L Centrifugal Juicer 1200W Silver MES4010 4242002770062 - 2Y Warranty BSH,310,510,390,7885,10,06/11/22,,Caesarea,8,0,10,"4012,"
227700,196800454263,Lenovo Legion Y27h-30 27 165Hz 0.5ms LED IPS 27 Inch DP 2xHDMI USB-C 4xUSB F-Sync Monitor 66F6UAC3IS,160,710,490,10080,10,08/11/22,,Caesarea,14,0,14,"4016,"
227982,196800453785,Lenovo Legion Y27-30 27 165Hz 0.5ms LED IPS 27 Inch FHD DP 2xHDMI 4xUSB Free-Sync Monitor 66F8GAC3IS,150,710,490,8390,10,08/11/22,,Caesarea,22,0,21,"4013,4015,"
227993,6951800606647,Eko Ambassador Motion Sensor Trash Can Brushed Stainles Steel EK9339MT 25L+35L 6951800606647 BFL,380,840,480,11115,10,27/10/22,,Caesarea,4,0,4,"4005,"
227996,6951800677883,Eko X-Cube 45L Pedal Trash Can Matte White EK9368MP-45L-W 6951800677883 Benda,370,680,450,9860,10,27/10/22,END,Caesarea,3,0,3,"4009,"
228130,3362934111564,Thrustmaster T128P Racing Wheel Set For PS4/PS5 & PC 4160781 3362934111564,310,360,330,4550,10,20/10/22,END,Caesarea,3,0,3,"4025,"
228131,3362934402785,Thrustmaster T128X Racing Wheel Set For Xbox & PC 4460184 3362934402785,300,360,340,4610,10,20/10/22,END,Caesarea,11,0,13,"4001,"
228508,7290011297206,Selmor Electric Toaster Oven 24L White SE-206 7290011297206,320,480,420,6455,10,07/11/22,,Caesarea,2,0,2,"4021,"
228583,195553023726,Asus TUF VG32VQR Gaming Monitor 31.5 Inch Curved VA WQHD 165Hz 1ms DP 2xHDMI 90LM04I0-B03170,250,815,675,13075,10,08/11/22,,Caesarea,2,0,2,"4010,"
228764,8710755304583,Brabantia BO 36L Touch Trash Can Metalic Gold Y-304583 8710755304583,370,600,530,7860,10,30/10/22,,Caesarea,2,0,2,"4003,"
228893,7891112131590,Tramontina Stainless Steel Fish Cooking Grate 71.3X16.5cm 26483/000 IMP,25,760,215,555,10,11/02/24,EOL,Caesarea,8,0,8,"4019,"
228920,7891112215832,Tramontina Skewer 85cm 29810/136 7891112215832 IMP,30,860,55,480,10,18/12/22,,Caesarea,2,0,2,"4017,"
230000,8806094407150,Samsung S27B800PXP/M Monitor LED IPS 27 Inch 4K UHD 5ms DP HDMI 3xUSB + Type-C Black,160,680,450,8395,10,08/11/22,,Caesarea,8,0,8,"4028,"
230144,6946499311385,Jimmy Handheld Cordless Vacuum Cleaner H10 Pro 6946499311385 - 2 Years Warranty By Ronlight,230,750,300,10100,10,07/11/22,,Caesarea,1,0,2,"4011,"
231091,8806094405828 8806094951844,Samsung S32BG850NM/P Curved Gaming LED VA UHD 31.5 Inch 1ms 240Hz DP 2xHDMI 2xUSB,220,810,520,12675,10,09/11/22,,Caesarea,5,0,5,"4028,"
232408,8806091646712,LG 49WQ95C-W DQHD NANO IPS FreeSync 49 In 2xHDMI DP USB-C USB UltraWide White Monitor 8806091646712,290,1330,485,19485,10,14/11/22,,Caesarea,2,0,1,"4016,"
232640,7891112210448,Tramontina Double Skewer 85cm 26419/085 7891112210448,30,855,60,360,10,14/12/22,,Caesarea,2,0,2,"4023,"
235622,193052039279,X-Shot - Skins Last Stand Dart Blaster - Game Over 6504X (193052039279) 193052037831,55,405,208,453,10,30/11/23,,Caesarea,4,0,4,"4021,"
242126,3121040077634,Tefal Express Protect Steam Iron 2830W SV-9201E0 3121040077634 By Newpan,281,420,337,5330,10,13/03/24,,Caesarea,1,0,0,"4027,"
244393,043859773824 43859773824 43859779253,Fellowes Laminator Amaris A3 80-125 Mic 43859779253 DLS8058201,4,55,44,57,10,10/02/23,,Caesarea,4,0,4,"4024,"
246107,6943223110740,North Bayou H180 Desk Mount For Dual Flat Panel Monitors Up to 12kg Black DNA1001030913,100,300,150,500,10,07/07/24,,Caesarea,86,0,84,"4017,"
257168,0679523120375 679523120375,Yamayo Baby Toilet Poty Training YPL-350 0679523120375,202,393,294,1322,10,25/04/24,,Caesarea,45,72,111,"4014,"
257326,4939761311833,RICOH ScanSnap iX1400 PA03820-B001 4939761311833,100,100,100,1000,10,11/10/23,,Caesarea,2,0,2,"4021,"
262987,7290014299542,Caesar Grill Grate Long Handle BG1098 7290014299542,2,497,373,11695,10,11/02/25,,Caesarea,2,0,2,"4023,"
264573,7290115626483,Food Appeal Marble Class Pot 36cm 13.4L 7290115626483,183,379,372,3425,10,23/09/24,,Caesarea,1,0,1,"4019,"
271097,8710103951353,Avent SCF293 Sterilizer 6015018 8710103951353/8710103941620,210,380,340,2915,10,30/07/24,,Caesarea,59,0,53,"4004,"
273590,7330117152716,Audio Pro Wireless Multiroom WiFi Speaker With BT & Airplay2 &Chromecast C5 Mkll Wht 7330117152716,0,100,10,100,10,23/05/24,END,Caesarea,1,0,1,"4021,"
280931,6941798467887,Deli ET510 Electronic Safe + Key 4.6L 1500900 6941798467887,223,293,239,3130,10,18/03/25,,Caesarea,1,0,1,"4025,"
29877,7290004574888,Barkan Fixed Wall Mount Up to 90 Inch E400+.B 7290004574888,60,670,160,1495,10,07/05/21,,Caesarea,26,0,32,"4007,"
299086,7290105777584,Graetz Single Ceramic Hotplate 2000W GR-195 7290105777584 - By Brimag,10,100,10,100,10,14/04/24,,Caesarea,1,0,0,"4017,"
305593,193052002471,X-Shot Laser 360 Double Laser Blaster Pack 6515X2 193052002471,64,606,310,1035,10,19/06/24,,Caesarea,28,0,28,"4007,"
310274,7290100844816,Kapro 313 Measure Mate 60cm KPR31360 7290100844816 - By Hashahal,10,600,10,100,10,28/05/25,,Caesarea,8,0,8,"4025,"
310753,7290011297626,Selmor Gas Cooker 1 Flame Nirosta SE-26 7290011297626,120,395,282,3030,10,05/02/25,,Caesarea,5,0,5,"4020,"
32050,4044951016020,Sharkoon VS4-S Black ATX Case No PSU 4044951016020,220,500,450,4205,10,19/10/22,,Caesarea,2,0,1,"4014,"
324494,074451106789 74451106789,Ingenuity - Booster Seat 2 In 1 Kashmir 7040678 074451106789,197,394,347,2525,10,24/02/25,,Caesarea,4,0,4,"4024,"
34942,5099206057302,Logitech Driving Force Racing Wheel G29 941-000112 5099206057302,310,440,330,7720,10,07/11/22,,Caesarea,44,140,189,"4007,4008,"
35402,5099206058996,Logitech Driving Force Racing Wheel G920 941-000123 5099206058996,320,440,320,5930,10,09/11/22,,Caesarea,14,80,99,"4005,"
36785,7291044045826,Hyundai Saturday Hot Plate 6 Pots 600W HAP-600 Tzomet Approved 7291044045826,80,750,460,5590,10,03/10/22,,Caesarea,9,0,12,"4014,"
37285,7290014222779,Sachs Huge Grill Toaster Chrome EF-108M 7290014222779,120,420,370,3350,10,08/05/22,,Caesarea,10,0,12,"4005,"
39919,8806088486727,Samsung C27F391FH / C27F391FHR Curved LED VA 27 Inch 4ms VGA HDMI WideScreen White,170,670,400,5980,10,08/11/22,,Caesarea,45,10,53,"4016,"
40185,13253561723831 3253561723834 3253561732834,Stanley Tool Suitcase On Wheels FMST1-72383 3253561732834 / 3253561723834,250,550,410,7415,10,20/10/22,,Caesarea,1,0,1,"4022,"
41184,7290010745357,Sachs Samovar 60 Cups EF-134T Tzomet Approved 7290010745357,320,440,320,3470,10,13/10/22,,Caesarea,3,0,3,"4009,"
41211,7290011389550,Sachs Built In 5 Gas Hob 70cm Turbo Cast Iron Black Glass EF-570GB 7290011389550,180,730,550,13575,10,16/10/22,,Caesarea,1,0,1,"4021,"
42470,5099206064324,Logitech Z625 2.1 Computer Gaming Speaker System 980-001256 5099206064324,302,421,311,9,10,08/12/24,,Caesarea,7,0,10,"4003,"
44070,7290100476727,Eclipse Paper Shredder Flakes 25L OM-16XC 7290100476727,360,620,440,14815,10,30/10/22,,Caesarea,1,0,1,"4025,"
44079,7290100466353,Qupa - Spiral Binder A4 S-60 7290100466353,250,600,520,7525,10,13/10/22,,Caesarea,2,0,2,"4020,"
44233,7290015521536,Sachs 16 Inch Standing Fan + Timer + Remote Control EF-898 White 7290015521536,220,540,450,7080,10,12/10/22,,Caesarea,3,0,2,"4006,"
44799,7290011286231,Blue Star 12 Cyclone Floor Fan 15650 Gray 7290011286231 118,150,420,420,2565,10,07/11/22,,Caesarea,5,0,5,"4025,"
44802,7290011286002,Star 4 36 Inch Ceiling Fan With Light  White 7290011286002 3600,240,510,270,6185,10,18/10/22,,Caesarea,7,0,6,"4004,"
44803,7290011286019,Star 4 36 Inch Ceiling Fan With Light Titanium 7290011286019 3601,230,500,270,6160,10,27/10/22,,Caesarea,10,0,10,"4012,"
44806,7290016755053,Star 4 42 Inch Ceiling Fan With Light + Remote Control White 7290016755053 3538,240,550,300,7715,10,27/10/22,,Caesarea,50,0,46,"4001,4002,"
44811,7290008984911,Star 4 52 Inch Ceiling Fan With Light  White 7290008984911 3544,230,560,320,8295,10,27/10/22,,Caesarea,9,0,4,"4011,"
44815,7290016755107,Star Tower Fan Basic 3 Speeds C27125 Black 7290016755107 Item Key 158,240,730,290,5765,10,25/10/22,,Caesarea,16,0,15,"4012,"
44818,7290011286330,Bluestar Tower Fan Turbo 300 Grey 4924 7290011286330 Item Key 129,240,790,320,6360,10,23/10/22,,Caesarea,12,0,11,"4012,"
44820,7290015570855,Star 3D XL Tower Fan + RC Silver C32150 7290015570855 Item Key 148,240,860,310,6810,10,27/10/22,,Caesarea,17,0,14,"4009,"
45345,7290013025944,Sachs Samovar 30 Cups EF-131T Tzomet Approved 7290013025944,260,420,270,2520,10,23/10/22,,Caesarea,3,0,3,"4001,"
46373,3253561956119,Stanley Fatmax Tool Working Backpack 1-95-611 3253561956119,210,470,370,2245,10,22/09/22,,Caesarea,2,0,2,"4024,"
47187,7290017945262,Normande Saturday Hot Plate 6 Pots 75*45cm 600W HB-B500 Tzomet Approved By Clinton,70,770,470,6860,10,07/11/22,,Caesarea,1,0,1,"4023,"
47931,6925781424330,Aurora Paper Shredder Flakes 16L AS800CD 6925781424330,197,364,313,4750,10,02/07/24,,Caesarea,5,0,2,"4004,"
48018,7290015851428,Normande Toaster Push 4 Pieces 1650W-2000W AJ-5001A By Clinton,180,380,380,6075,10,25/10/22,,Caesarea,21,0,26,"4002,"
50359,5099206069916,Logitech G Flight Simulator Rudder Pedals 945-000005 5099206069916,230,450,370,3695,10,26/10/22,,Caesarea,3,6,10,"4027,"
50361,5099206069909,Logitech G Flight Yoke System Pro Simulation Yoke And Throttle Quadrant 945-000004 5099206069909,220,470,400,4405,10,25/10/22,,Caesarea,2,0,6,"4021,"
51202,7290015521673,Sachs Ceramic Hob  Glass 6000W EF-930 7290015521673,120,660,610,10500,10,25/10/22,,Caesarea,3,0,3,"4023,"
51920,3362934110420 3362934110437,Thrustmaster T300 RS GT Edition Force Feedback Racing Wheel For PS3 PS4 & PC 3362934110420,340,440,360,10535,10,24/10/22,END,Caesarea,10,0,14,"4003,"
52000,7290013681898,SIH Fixed TV Wall Mount Up To 80 Inch 750E 7290013681898,30,670,210,1600,10,07/05/21,,Caesarea,79,0,88,"4004,"
52004,7290013681294,SIH Premium Tilt TV Wall Mount Up To 65 Inch 751 7290013681294,50,730,210,2630,10,07/05/21,,Caesarea,3,0,19,"4018,"
52014,7290013681317,SIH Premium 4 Way Movement TV Wall Mount Up To 80 Inch 754 7290013681317,80,680,310,9255,10,09/05/21,,Caesarea,1,0,3,"4022,"
53106,7290016755268,Star 7 52 Inch Ceiling Fan With Light and Remote White 7290016755268 3708,250,690,250,6420,10,25/10/22,,Caesarea,19,0,14,"4001,"
53107,7290016755244,Star 7 44 Inch Ceiling Fan With Light And Remote Black 7290016755244 3707,240,620,250,6690,10,19/10/22,,Caesarea,24,0,24,"4007,"
57451,845423009533,Razor Beast Scooter - Blue 13059540 845423009533,110,620,500,4590,10,27/10/22,,Caesarea,3,0,3,"4019,"
60320,7290006723925 7290013025425,Sachs Saturday Hot Plate 4 Pots 400W EF-94 540X430Cm Black / Braun 7290013025425,80,590,430,4010,10,19/10/22,,Caesarea,7,0,8,"4017,"
60425,6946499306725,Jimmy Cordless Vacuum Cleaner JV51 6946499306725 - 2 Years Warranty By Ronlight,190,690,290,4195,10,27/10/22,,Caesarea,1,0,9,"4026,"
60711,5056186702059 TT-PL2-BLK-EU,REGA Planar 2 PL2 Black Turntable With Cartridge Carbon 5056186702059,180,540,450,6825,10,06/11/22,,Caesarea,2,0,3,"4021,"
60991,5055300408365,Cambridge Audio Soundbar Minx TV Black 5055300408365,180,670,400,7625,10,11/10/22,END,Caesarea,1,0,2,"4026,"
62104,6943478014329,Hape Fast Flip Racetrack 12438 6943478014329,100,360,350,1020,10,14/12/22,,Caesarea,3,0,3,"4022,"
62109,6943478004245,Hape Park and Go Garage 13002 6943478004245,100,500,450,2725,10,21/12/22,,Caesarea,2,0,1,"4022,"
62110,6943478008892,Hape Happy Grand Piano Black 10320 6943478008892,230,610,590,12325,10,13/10/22,,Caesarea,2,0,2,"4020,"
62121,6924328329404,Worx Electric String Trimmer 20V Body Only WG163E.9 6924328329404,150,940,190,2890,10,10/05/21,,Caesarea,2,0,1,"4020,"
62137,6943478004221,Hape Master Workbench 23000 6943478004221,130,690,410,6020,10,12/10/22,,Caesarea,2,0,1,"4021,"
62951,6921850623925,Omega 60W Moran Big Floor Lamp Black 6921850623925,340,470,450,3265,10,25/10/22,,Caesarea,3,0,4,"4006,"
63531,8696272000897,Hunter Pro 26 Inch Plastic Toolbox 170115-009 8696272000897,250,630,300,3775,10,09/05/21,,Caesarea,4,0,4,"4025,"
63543,7291057089404,Smith Foldable Sack Trolley Aluminum 75 Kg 112514-002 7291057089404,310,540,370,2665,10,25/04/22,,Caesarea,8,0,3,"4008,"
63547,7291057069970,HunterPro 2 Story Large Organizer Aluminum Handle 170110-005 7291057069970,150,560,300,3585,10,29/09/22,,Caesarea,4,0,4,"4022,"
63856,4042477254216,Native Instruments Traktor Kontrol S2 Mk3 DJ Controller 4042477254216,120,620,330,3020,10,05/05/21,,Caesarea,11,0,15,"4005,"
64230,6946499306756,Jimmy Battery Powered Flush Gun Cleaner JW31 6946499306756 - 1 Year Warranty By Ronlight,170,570,230,4415,10,23/10/22,,Caesarea,30,0,68,"4001,4002,"
64378,7290011882532 7290013025456,Sachs Saturday Hot Plate 6 Pots EF-96 720X450Cm Black / Braun 7290013025456 7290011882532,70,770,470,5645,10,18/10/22,,Caesarea,3,0,3,"4020,"
64651,7290016755237,Star 7 44 Inch Ceiling Fan With Light and Remote White 7290016755237 3706,230,620,250,6225,10,07/11/22,,Caesarea,143,0,151,"4003,4004,4006,"
65270,4260170380012,Oritrap Biogents Mosquitaire II Asian Tiger Mosquito Trap 10117 4260170380012,250,400,380,2765,10,26/10/22,END,Caesarea,15,0,17,"4011,4014,"
65416,7290011879389,Gold Line Super Fan Turbo Hurricane Classic Silver ATL-92S 7290011879389,270,800,340,6980,10,03/10/22,,Caesarea,2,0,0,"4013,"
65687,7290017090764,Gold Line Micro Cyclone Vacuum Cleaner C-8 DUSTER ATL-885 7290017090764,110,680,280,3470,10,03/10/22,,Caesarea,16,0,16,"4013,"
65835,7290017090269 7290017090627,Gold Line Kung Fu 6 Blade ATL-385 7290017090627,240,390,250,3535,10,14/07/23,,Caesarea,4,0,5,"4018,"
65889,050743614798,Little Tikes Cozy Coupe Princess Classic Pink 71614798 50743614798,370,710,400,8285,10,13/10/22,,Caesarea,2,0,2,"4017,"
65891,050743615795,Little Tikes Ride On Patrol Police Car 71615795 50743615795,400,720,400,8165,10,12/10/22,,Caesarea,1,0,1,"4019,"
66047,4511890212672,Urban Iki Front Seat Ta-ke With Compact Adapter Bincho Black / Kurumi Brown IKI212672 4511890212672,160,640,320,3010,10,06/10/22,,Caesarea,1,0,1,"4023,"
66051,4511890212726,Urban Iki Front Seat Ta-ke With Compact Adapter Sakura Pink / Sakura Pink IKI212726 4511890212726,160,640,310,3025,10,18/10/22,,Caesarea,3,0,3,"4018,"
66054,4511890213860,Urban Iki Rear Seat Ta-ke Carrier Mounting Bincho Black IKI213860 4511890213860,230,540,360,3680,10,06/07/21,,Caesarea,1,0,1,"4028,"
66055,4511890213907,Urban Iki Rear Seat Ta-ke Carrier Mounting Aotake Mint Blue IKI213907 4511890213907,240,540,370,3675,10,06/07/21,,Caesarea,1,0,1,"4028,"
66058,4511890213969,Urban Iki Rear Seat Ta-ke Frame Mounting Bincho Black IKI213969 4511890213969,230,530,380,5870,10,06/07/21,,Caesarea,1,0,1,"4025,"
66297,4011689488726,UNOLD Ice Cream Maker Exclusive 2L 48872 4011689488726,330,420,380,13895,10,13/10/22,,Caesarea,1,0,1,"4020,"
68445,3165140830300,Bosch AHS 50-20 LI 18V Cordless Hedgecutter (0 600 849 F00) 3165140830300 0849.F00,200,1025,240,4135,10,07/11/22,,Caesarea,1,2,2,"4023,"
68450,3165140837545,Bosch ART 24 400W Corded Grass Trimmer (0 600 8A5 800) 3165140837545 08A5.8,150,820,270,3535,10,16/10/22,,Caesarea,1,0,0,"4023,"
68462,3165140852296,Bosch Advanced Aquatak 160 2600W High Pressure Washer (0 600 8A7 800) 3165140852296 08A7.8,400,850,430,26605,10,23/10/22,,Caesarea,4,0,4,"4003,"
68486,3165140874007,Bosch AdvancedVAC 20 1200W Vacuum Cleaner (0 603 3D1 200) 3165140874007 33D1.2,400,520,460,10390,10,25/10/22,,Caesarea,8,0,8,"4011,"
68487,3165140873963,Bosch UniversalVAC 15 1000W Vacuum Cleaner (0 603 3D1 100) 3165140873963 33D1.1,390,480,450,9470,10,26/10/22,,Caesarea,2,0,2,"4012,"
68498,3165140888042,Bosch Universal Hedge Pole 18 18V Cordless Hedgecutter (0 600 8B3 000) 3165140888042 08B3,160,1170,195,5580,10,06/10/22,,Caesarea,1,2,2,"4023,"
69768,7290016755411,Electro Star 44 Inch Ceiling Fan With Light 3 White 7290016755411 Item Key 3341,200,560,220,8960,10,07/11/22,,Caesarea,27,0,26,"4017,"
69790,7290015062800,Gold Line Electric Saj ATL-248 7290015062800,150,430,420,2195,10,29/09/22,,Caesarea,5,0,6,"4013,"
70064,7290104822537,Maxus Anti Theft Steering Wheel Lock Bar 63625 7290104822537,45,400,150,1535,10,08/02/24,,Caesarea,7,0,6,"4018,"
70080,7290104823800,Peled 1030 mm Fiber Handle Straight Shovel 76404 7290104823800,60,1040,170,1725,10,16/10/22,,Caesarea,3,0,3,"4023,"
70082,7290104823831,Peled 1150 mm Fiber Handle 4 Tooth Hayfork 76410 7290104823831,50,1125,165,1705,10,20/10/22,,Caesarea,2,0,2,"4027,"
70145,7290016755121,Star Tower Fan + Remote Control U35117 Gray 7290016755121 Item Key 160,230,910,330,6940,10,18/10/22,,Caesarea,17,0,17,"4003,"
70563,3165140883610,Bosch Universal Aquatak 125 1500W High Pressure Washer (0 600 8A7 A00) 3165140883610 08A7.A,350,430,360,8515,10,25/10/22,,Caesarea,4,0,3,"4005,"
70703,7290017804026,Venta HARMONYA 60 Inch 3 Wings Ceiling Fan With Light And Remote Black 350399100 7290017804026,240,910,420,9970,10,11/10/22,,Caesarea,2,0,1,"4022,"
73021,815301000426,Novation Impulse 61 USB / Midi Professional Control Keyboard 61 Keys 815301000426,135,1080,390,7840,10,23/10/22,,Caesarea,2,0,3,"4017,"
73536,4897033962704 4897033963084,Scoot and Ride Scooter Highwaykick 1 - 5 Pink Rose 96270 4897033962704,170,550,240,3685,10,09/10/22,,Caesarea,17,0,16,"4004,"
73661,743172090997,Eaton 9SX 3000I UPS USB + Program,320,580,470,36135,10,06/11/22,,Caesarea,2,0,3,"4021,"
73934,6944271645994,Midea Dual Plate Induction Glass 3500W MC-ID358 6546 6944271645994,120,640,470,6330,10,18/10/22,,Caesarea,1,0,0,"4006,"
74022,6956079706029,Midea 400WSP Vacuum Cleaner 2200W VCM40A16L 6913 6956079706029,310,490,410,8685,10,25/10/22,,Caesarea,3,0,1,"4001,"
74278,9E3000I,Eaton 9E 3000i ONline UPS USB + Program,330,520,460,25820,10,12/10/22,,Caesarea,1,0,1,"4025,"
74954,192545948166,Printer HP Smart Tank 615 Wireless All-in-One (Y0F71A) 192545948166,230,490,470,8570,10,20/10/22,,Caesarea,20,20,43,"4002,"
75058,6971685490025 6971685490995,TreeFrog Pro 1 Vacuum Bike Rack MP0001 6971685490025 6971685490995,80,400,330,2830,10,05/07/21,,Caesarea,3,0,3,"4027,"
75063,4260230940675,Uebler i21 Towbar Bike Rack 15900 4260230940675,210,690,620,15780,10,20/10/22,,Caesarea,1,0,1,"4018,"
75067,4260230940736,Uebler Transport Bag For i21 19840 4260230940736,30,600,590,1460,10,20/10/22,,Caesarea,1,0,1,"4025,"
75536,7291044099690,Hyundai Bathroom Heater 2000W With Remote Control IP44 2000W HAH-2044 7291044099690,150,560,150,1925,10,14/11/22,,Caesarea,4,0,1,"4018,"
75881,6956079705169,Midea 400WSP Vacuum Cleaner 25L Wet/Dry 1600W VTW25A16J 6911 6956079705169,380,640,400,9485,10,07/11/22,,Caesarea,3,0,4,"4002,"
75907,7290015737791,Midea Domino Ceramic Stove 2 Flames Black Glass MC-HD301 6520 7290015737791,150,610,370,5540,10,03/10/22,,Caesarea,4,0,3,"4003,"
76222,4006501550804,Leifheit Profi Compact Press Mop Bucket 55080 4006501550804,190,390,300,1630,10,18/08/21,,Caesarea,2,4,6,"4019,"
76273,811434016822,Honey Can Do Quad Sorter Laundry Hamper With Removable Bags Black SRT-01682 811434016822,140,920,480,4280,10,13/10/22,END,Caesarea,3,0,3,"4027,"
76277,847539084602,Honey Can Do Nickel Flat Wire Shower Caddy BTH-08460 847539084602,120,670,280,1735,10,13/10/22,,Caesarea,2,0,2,"4021,"
76432,6946499382040,Jimmy Extension To Window Glass Vacuum Cleaner VW302 6946499382040 - Ronlight,20,50,40,255,10,12/09/22,,Caesarea,4,0,4,"4019,"
76565,7290017945552,Normande Air Fryer 2.5L 1500W ND-2507 By Clinton,310,360,310,4370,10,06/11/22,,Caesarea,1,0,1,"4020,"
76834,7290005330063,Hemilton Saturday Hot Plate Large 600W HEM-269 700X452X55Cm HEM-269 7290005330063,60,730,440,4975,10,23/10/22,,Caesarea,1,0,2,"4020,"
77379,5945844000029,PIL Fireplace Bonfire 10KG Eco Bricquettes 550000 / 5945844000029,150,470,270,9800,10,04/02/25,,Caesarea,11,0,12,"4027,"
77549,100N03448,Xerox Duplex Combo Scanner (100N03448),250,500,400,4455,10,07/07/21,,Caesarea,6,0,6,"4005,"
77873,8806088331423,Samsung Digital Microwave Grill Combine 32L 900W MC32K7055CT 8806088331423 - 3Y Warranty By Samline,380,580,560,23330,10,23/10/22,EOL,Caesarea,1,0,0,"4024,"
78161,7290015062107,Gold Line Huge Ironing Board EXCLUSIVE ATL-2233 7290015062107,70,1650,440,7490,10,13/10/22,,Caesarea,8,0,8,"4008,"
78212,6940172506259,Midea Built In Gas Hob 4 Flames 60CM Glass Cream 60G40ME084-GFT 6715 6940172506259,150,640,560,14715,10,30/10/22,,Caesarea,3,0,3,"4027,"
79255,7290016783209,Barkan Fixed Drywall Mount Up to 75 Inch ND400.B 7290016783209,30,670,160,1475,10,07/05/21,,Caesarea,2,0,5,"4021,"
80324,7291044103427,GPT 1600W Electric Leaf Vacuum Comb Synthetic Grass TO114 7291044103427,340,590,450,14490,10,07/11/22,,Caesarea,24,0,21,"4007,"
80685,7290011879488,Gold Line 5L Deep Fryer 2000W ATL-9988 7290011879488,250,400,380,4335,10,20/10/22,,Caesarea,2,0,2,"4001,"
80836,7290015062015,Gold Line ANACONDA Cyclone Vacuum Cleaner ATL-3060 7290015062015,280,400,310,4330,10,20/10/22,,Caesarea,7,0,8,"4011,"
80946,4242002938080,Bosch Mixer + Food Processor 5.5L 1600W Nirosta MUM9D33S11 4242002938080 - 2Y Warranty BSH,380,590,400,11785,10,09/10/22,,Caesarea,10,0,14,"4007,"
80953,4242005109364,Bosch Food Processor + Blender 3.9L 1100W White MC812W620 4242005109364 - 2Y Warranty BSH,360,390,390,6545,10,18/10/22,,Caesarea,5,0,12,"4013,"
81097,050743632624 50743632624,Little Tikes Activity Garden Baby Playset 71632624 50743632624,280,920,430,8360,10,18/10/22,,Caesarea,27,0,28,"4002,"
81098,050743643224,Little Tikes Sports Zone B.Ball Soccer Bowling Adjustable Hoop Lights Sounds 71643224 050743643224,140,600,390,3170,10,06/07/21,,Caesarea,6,0,8,"4019,"
81758,693493040204,Eazo Tripod TV Stand Up To 70Inch 40Kg Black FS888B 693493040204,190,1075,285,8555,10,23/10/22,,Caesarea,2,0,1,"4028,"
84708,6951800617230,Eko X-Cube 45L Pedal Trash Can Black EK9368MP-45L-BL 6951800617230 Benda,370,690,480,9860,10,30/10/22,END,Caesarea,1,0,1,"4020,"
86097,7290110468125,Food Appeal Everyday Plus Pot 32cm 10.5L 7290110468125,150,400,380,3450,10,13/04/22,,Caesarea,2,0,2,"4017,"
86098,7290110468606,Food Appeal Everyday Plus Saute Pot With Handle 28cm 4.6L 7290110468606,130,510,300,2565,10,16/08/21,,Caesarea,2,0,2,"4017,"
86102,7290110468583,Food Appeal Everyday Plus Saute Pot 36cm 8.2L 7290110468583,120,450,370,3425,10,12/07/21,,Caesarea,2,0,1,"4021,"
87617,4006333059247,Dickie Suitcase Truck With Accessories 3749023 4006333059247,130,680,240,2055,10,19/10/22,,Caesarea,4,0,4,"4020,"
88733,2790018225608 7290018225608,Gold Line 8 Holes Pancake Pan ATL-2798 7290018225608,110,650,300,3695,10,09/10/22,,Caesarea,3,0,3,"4018,"
89272,7891112281646,Tramontina Sicilia 7 Pcs Aluminum Cookware Set Brown 20499/616 7891112281646,210,520,300,5485,10,01/07/21,,Caesarea,2,0,2,"4023,"
89286,7891116081310,Tramontina Professional 8 Pcs Stainless Steel Cookware Set 65620/010 7891116081310,200,580,300,7255,10,20/10/22,,Caesarea,2,0,1,"4025,"
89308,7290018225028,Gold Line FALCON F-1 Cyclone Vacuum Cleaner  ATL-881 7290018225028,240,460,270,2610,10,20/10/22,,Caesarea,9,0,10,"4004,"
89806,4897033963558,Scoot and Ride Scooter Highwaykick 1 - 5 Kiwi 96355 4897033963558,180,530,260,3730,10,30/10/22,,Caesarea,3,0,4,"4021,"
89923,4242003716908,Siemens FlexInduction Hob With 4 Surface+1 Flex LightSlider 7400W 70cm Black EX775LEC1E - BSH,110,920,610,15570,10,26/10/22,,Caesarea,8,0,9,"4011,"
90574,KW-7076-02-1,RL Bike Stand KW-7076-02-1,205,590,380,1500,10,26/01/23,,Caesarea,12,0,15,"4005,"
90638,6946499308125,Jimmy Garment Steamer GT306 6946499308125 - 2 Years Warranty By Ronlight,350,540,370,6030,10,07/11/22,,Caesarea,8,0,15,"4005,"
91583,050743640957 50743640957,Little Tikes 3 in 1 Walker and Activity Table 71640957 50743640957,130,610,390,3605,10,06/07/21,,Caesarea,15,0,15,"4010,"
91784,094922901170 94922901170,GMG 12.7kg Pellets Grill Smoker - Gold GMG-2001 CD008267 094922901170,10,280,90,13125,10,20/10/22,,Caesarea,1,0,0,"4003,"
91785,837654296097,GMG 12.7kg Pellets Grill Smoker - FruitWood GMG-2003 CD008268 837654296097,80,580,300,13745,10,24/10/22,,Caesarea,15,0,15,"4020,"
91786,602573008997,GMG 12.7kg Pellets Grill Smoker - Apple GMG-2002 CD008266 602573008997,80,570,330,13040,10,23/10/22,,Caesarea,15,0,14,"4020,"
91902,7611210979555,SOLIS DELI GRILL 2200W Professional Electric Plancha 50/50 7951,180,570,470,11025,10,06/10/22,,Caesarea,1,0,0,"4026,"
91922,727565059297,Creative Fashion House - Design In Denim 015929 727565059297,120,480,380,2080,10,25/12/22,,Caesarea,2,0,2,"4019,"
92001,3519280020792,Magimix Juice Expert 2 Citrus & Hard Fruits Juicer 400W Red JE2R 3519280020792 By Newpan,230,540,240,8100,10,13/10/22,,Caesarea,1,0,1,"4025,"
92998,6901294082328,Spark Toys Little Chef Talking Kitchen - Hebrew 6901294082328,100,620,520,2445,10,04/07/21,,Caesarea,2,0,2,"4025,"
93738,6939924823881,Midea Air Cooler 200W 6 Speed + Remote Control AC200-17JR 6823 6939924823881,460,820,530,17385,10,24/10/22,,Caesarea,3,0,3,"4014,"
93762,7290111744907,Brateck Vert Adj Swv Tilt & Rot Monitor Wall Mount +PC+ Tray 8KG / 13-32Inch DWS02-W01 7290111744907,180,930,570,13220,10,16/10/22,,Caesarea,1,0,1,"4023,"
94707,7290011286118,Blue Star 10 Inch Rotary Floor Fan PS1066 7290011286118 121,170,450,390,2640,10,13/10/22,,Caesarea,10,0,10,"4010,"
94724,7290015570381 7290016755657,Star OUTDOOR 52 Inch Ceiling Fan 3014 7290016755657 3014,330,640,340,10235,10,18/10/22,,Caesarea,4,0,4,"4002,"
95114,4042477252304,Native Instruments Komplete Kontrol A25 Control Keyboard 25 Keys 4042477252304,150,550,310,3055,10,28/12/22,,Caesarea,3,0,3,"4020,"
95122,4043034158329,Reloop Beatmix 4 Serato DJ Controller 4043034158329,110,660,390,4610,10,13/10/22,,Caesarea,1,0,1,"4017,"
95155,2506201892430,Machina RC Mega Crane 128cm 892430 2506201892430,160,570,220,1480,10,04/01/23,,Caesarea,26,0,35,"4001,"
95347,3253560621131,Stanley 42Pcs Screwdriver Set With Bits STHT0-62113 3253560621131,30,430,410,1835,10,22/09/22,,Caesarea,2,0,2,"4025,"
95727,7330117145114,Audio Pro Wireless Multiroom WiFi Speaker With BT & Alexa C5A Arctic White 7330117145114,230,320,230,3505,10,06/05/21,EOL,Caesarea,1,0,1,"4022,"
96273,3138522089320,Coleman Instant Cabin Tent 8 Person 2000026677 3138522089320,270,1200,285,15870,10,07/11/22,,Caesarea,9,0,8,"4003,4004,"
96592,2012201988108,Skater Cool Scooter 3 Wheel Orange 988108 2012201988108,140,560,280,2070,10,06/07/21,,Caesarea,3,0,2,"4021,"
96593,2012201988108,Skater Cool Scooter 3 Wheel Green 988108 2012201988108,150,560,260,2000,10,12/07/21,,Caesarea,6,0,7,"4020,"
96595,2012201988108,Skater Cool Scooter 3 Wheel Pink 988108 2012201988108,120,560,140,1995,10,06/07/21,,Caesarea,4,0,5,"4026,"
97957,7290017804316,Venta HARMONYA II 64 Inch 3 Wings Ceiling Fan CCT  With Light RC Matte White 356099000 7290017804316,302,861,325,0,10,,,Caesarea,9,0,7,"4011,"
98201,727565011424,Creative Adventure in Space 011142 727565011424,100,470,380,2040,10,17/12/24,,Caesarea,2,0,2,"4019,"
98466,088381081658,Makita Rotary Hammer 780W + Carry Case HR2470 088381081658,110,415,290,6555,10,08/04/24,,Caesarea,2,0,0,"4002,"
98574,7290012888939,Su Chef Cutting Board 40X60X2cm White 700000499 7290012888939,20,590,390,4170,10,05/07/21,,Caesarea,4,0,4,"4026,"
98575,7290107903851,Su Chef Cutting Board 40X60X2cm Blue 700008299 7290107903851,20,580,390,4130,10,13/05/24,END,Caesarea,2,0,2,"4017,"
99491,4039784997073,Karcher Vacuum Cleaner Dry 7.5L T 7/1 CLASSIC  PN: 1.527-181.0 4039784997073 - Shelldan,300,380,370,5775,10,12/10/22,,Caesarea,1,0,1,"4018,"
99544,4054278233963 4054278829937,Karcher Industrial Pressure Washer 200Bar HD 6/15M PN: 1.150-945.0 4054278829937 - Shelldan,400,780,560,33070,10,09/11/22,,Caesarea,1,0,1,"4018,"
99616,6939962771779,Midea Meat Grinder 1000W Black MJ-MM5001W 6129 6939962771779,210,470,320,5785,10,20/10/22,,Caesarea,2,0,2,"4014,"
101176,7290017725048,Dragon Gladiator Gaming Chair Black / Blue GPDRC-GLA-B 7290017725048 - Isfar,280,710,570,14955,11,29/05/23,END,Caesarea,2,0,2,"4002,"
101187,7290114430012,Dragon Gladiator Gaming Chair Black / Camo GPDRC-GLA-CAMO 7290114430012 - Isfar,280,710,570,14955,11,29/05/23,,Caesarea,1,0,0,"4011,"
101211,7290017725734,Dragon Combat Gaming Chair Black / Blue GPDRC-COMBAT-B 7290017725734 - Isfar,292,634,595,14000,11,03/10/23,,Caesarea,3,0,3,"4001,"
101212,7290114430197,Dragon GT DLX Gaming Chair Black / White GPDRC-GT-BNW 7290114430197 - Isfar,420,960,730,34000,11,29/05/23,,Caesarea,1,0,0,"4004,"
101241,7290017725062,Dragon Gladiator Gaming Chair Black / Red GPDRC-GLA-R 7290017725062 - Isfar,280,710,570,14955,11,29/05/23,END,Caesarea,3,0,3,"4008,"
101254,7290114430203,Dragon GT DLX Gaming Chair White GPDRC-GT-W 7290114430203 - Isfar,420,960,730,34000,11,29/05/23,END,Caesarea,1,0,0,"4003,"
101255,7290017725949,Dragon Gladiator Gaming Chair Black / Orange GPDRC-GLA-OR 7290017725949 - Isfar,280,710,570,14955,11,29/05/23,END,Caesarea,2,0,2,"4002,"
101869,7290017725864,Dragon Olympus Gaming Chair Black / Red GPDRC-OLY-R 7290017725864 - Isfar,355,860,655,22475,11,29/05/23,,Caesarea,1,0,1,"4004,"
101870,7290017725918,Dragon Olympus Gaming Chair Pink / White GPDRC-OLY-P 7290017725918 - Isfar,355,860,655,22475,11,29/05/23,,Caesarea,3,0,1,"4001,"
102881,7290017725925,Dragon Olympus Gaming Chair Black / Gray GPDRC-OLY-GREY 7290017725925 - Isfar,355,860,655,22475,11,29/05/23,,Caesarea,1,0,0,"4004,"
102960,7290017725857,Dragon Olympus Gaming Chair Black / Blue GPDRC-OLY-B 7290017725857 - Isfar,355,860,655,22475,11,29/05/23,,Caesarea,2,0,2,"4004,"
103327,7290114430326,Dragon Olympus Gaming Chair (Mac.Tel-Aviv) Yellow / Blue GPDRC-OLY-MAC 7290114430326 - Isfar,355,860,655,22475,11,29/05/23,END,Caesarea,1,0,1,"4009,"
103332,7290018657645,Gold Line MULTI-MIX PLUS Huge Professional Mixer Red ATL-288R 7290018657645,290,550,390,8645,11,29/05/23,,Caesarea,1,0,1,"4017,"
103960,8003705116009,Ariete Vintage 1200W 5.5L Kitchen Mixer 1588 Cream / Green 117020 8003705116009,210,315,260,3647.5,11,29/05/23,,Caesarea,2,0,2,"4018,"
104447,8003705115965,Ariete Vintage 1380W 18L Kitchen Electric Toaster Oven 0979 Cream / Light Blue 117018 8003705115965,195,290,230,1912.5,11,29/05/23,,Caesarea,3,0,2,"4017,"
104448,8003705115736,Ariete Vintage 1380W 18L Kitchen Electric Toaster Oven 0979 Cream / Biege 117013 8003705115736,205,380,330,4932.5,11,29/05/23,,Caesarea,2,0,2,"4024,"
106850,7290017804569,Venta HARMONYA 45 Inch 3 Wings Ceiling Fan With Light And Remote Black 354599002 7290017804569,221,574,371,5985,11,03/08/23,,Caesarea,15,0,15,"4005,"
108279,7290016674637,Universe Samovar 50 Cups No Tvila NR-710 10L Tzomet Approved 3052410 7290016674637,365,600,375,6093.75,11,29/05/23,,Caesarea,4,0,5,"4012,"
108838,15378212153,Sage Non-Skid Carving Board 40X60cm Slate 147122015 15378212153,22,594,417,2805,11,19/02/24,END,Caesarea,5,0,5,"4026,"
109568,7290005580031,Selmor Toaster Oven 34L Black SE-34 7290005580031,361,562,410,10755,11,03/10/23,,Caesarea,3,0,3,"4009,"
109647,3583164152688,Baby Tech Basic Mattress For Cradle 89*57*4 cm 56211/3583164152688,40,890,570,810,11,29/05/23,,Caesarea,7,0,8,"4025,"
110387,4974019128337,Sharp Microwave Oven With Grill 900W 25L White R-709Z(W) 4974019128337 - By Ralco,360,577,450,19865,11,20/07/23,,Caesarea,19,0,22,"4005,"
111047,7290111744389,Brateck TV Cart Up To 50KG / 37-70 Inch TTV03-46TW 81000-001-10 7290111744389,360,784,466,37330,11,03/10/23,,Caesarea,5,0,6,"4009,"
111057,743878041057,Klipsch Bookshelf Bluetooth Active Speakers The Fives (Pair) Walnut 743878041057,336,473,431,13685,11,03/08/23,,Caesarea,2,0,2,"4018,"
113216,5413184200718,KitchenAid Artisan Stand Mixer 4.8L Pistachio 5KSM175PSEPT 5413184200718 - By Newpan,280,422,410,12425,11,29/05/23,,Caesarea,3,0,2,"4028,"
113866,9312742301941,Dreambaby Chelsea 27CM Extra-Tall Gate Extension White F194W 9312742301941,27,1010,155,1525,11,29/05/23,,Caesarea,3,0,5,"4019,"
114074,634868932472,Traeger Signature Blend Wood Pellet 9Kg PEL337 634868932472,75,480,360,9300,11,29/05/23,,Caesarea,175,0,174,"4008,"
114086,63486893315 634868933158,Traeger Hickory Wood Pellet 9Kg PEL342 / 12P-PEL319 634868933158 / 63486893315,75,480,360,9300,11,29/05/23,,Caesarea,185,0,183,"4005,"
114335,0703113631887,Vitamix Ascent Series A2500i Smart Blender Black 0703113631887,300,430,330,8330,11,29/05/23,,Caesarea,2,0,1,"4009,"
115290,3583164152961,Baby Tech Airflow Double Mattress For Baby Bed 127*63cm 3583164152961,90,1190,620,2078.333,11,29/05/23,,Caesarea,2,0,0,"4014,"
118185,7290010483082,Gold Line 8L Stainless Steel Slow Cooker  ATL-080 7290010483082,243,374,303,5315,11,29/05/23,,Caesarea,2,0,1,"4003,"
119287,3583164162021,Baby Tech Basic Mattress For Baby Bed 100*60*8 cm 3583164162021,80,1235,630,1942.5,11,29/05/23,,Caesarea,3,0,3,"4026,"
119847,7297042202629,Vardinon Helsinki 100 Cotton AA Holofiber Winter Duvet Blanket - 200x220cm 7202629 7297042202629,220,530,490,1610,11,29/05/23,,Caesarea,4,0,4,"4026,"
121810,8414271692535,Lacor Manual Sausage Stuffer 3L 133012123 18414271602532 / 8414271692535,270,680,310,10630,11,29/05/23,,Caesarea,2,0,2,"4021,"
121813,7290018225349,Gold Line Samovar 40 CUPS ATL-1088 7290018225349,290,550,290,3780,11,29/05/23,,Caesarea,2,0,2,"4027,"
121814,7290018225141,Gold Line Samovar 30 CUPS ATL-1068 7290018225141,290,550,290,3780,11,29/05/23,,Caesarea,5,0,5,"4003,"
122550,634868932465,Traeger Mesquite Wood Pellet 9Kg PEL336 / 12P-PEL305 634868932465,75,480,360,9300,11,29/05/23,,Caesarea,227,0,227,"4012,"
124472,7290017725130,Lenco Glass Gas Stove 4 Flames Black LGH-6408BK FSP-038115-1 7290017725130,140,600,590,14350,11,29/05/23,,Caesarea,2,0,1,"4024,"
124910,7291044106312,Semicom  48 Inch Brazil Ceiling Fan With Light Remote Control White SM-48C01/W 7291044106312,277,448,300,0,11,29/05/23,,Caesarea,17,0,17,"4007,"
125859,6921207052002,Sol Exclucive 20 Liter Machnical Microwave SL-7840-Black 6921207052002 By Shaulian,290,560,380,14045,11,29/05/23,,Caesarea,7,0,7,"4006,"
127910,7290114430951,Dragon Space Plus RGB Gaming Chair Fabric Black GPDRC-SPCPL-FB 7290114430951 - Isfar,300,545,424,24545,11,03/10/23,END,Caesarea,1,0,0,"4005,"
128566,459292149753,Canon Pixma TS5350 Multifunctional Wifi Printer Black 459292149753,219,473,472,0,11,29/05/23,,Caesarea,29,0,29,"4003,"
130285,5052847107737,Yale High Security Series Digital Safe With Key 8.5 KG 90102492 5052847107737,290,380,370,12675,11,25/01/24,,Caesarea,1,0,0,"4005,"
133686,7291044106251,Semicom Storm 25W CCT 48 Inch 3 Wings Ceiling Fan RC White / Wood SM-1010/48CT 7291044106251,270,600,300,6805,11,29/05/23,EOL,Caesarea,4,0,2,"4002,"
133699,7291044104165,Semicom Hercules 60 Inch 3 Wings Ceiling Fan RC Black And Wood SM-1070A/BK 7291044104165,240,820,370,7530,11,29/05/23,,Caesarea,3,0,3,"4018,"
133700,7291044104158,Semicom Hercules 60 Inch 3 Wings Ceiling Fan RC White And Wood SM-1070A/WH 7291044104158,240,820,370,7530,11,29/05/23,,Caesarea,3,0,2,"4018,"
135224,4897033962711,Scoot and Ride Scooter Highwaykick 1 - 5 Steel Blue 96271 4897033962711,175,550,255,3668.75,11,29/05/23,,Caesarea,1,0,0,"4020,"
135225,4897033963565,Scoot and Ride Scooter LED Highwaykick 3 - Blueberry 96356 4897033963565,173,560,265,2490,11,29/05/23,,Caesarea,5,0,5,"4020,"
135260,7290014889545,Guro Sunshade 280X280 Blue GUS97 7290014889545,135,575,155,2885,11,29/05/23,,Caesarea,4,0,4,"4024,"
135842,7290109762647,NOA Sound Box V1400W Multimedia Table + Wireless Charger Double Layers - Black Glass 7290109762647,450,500,500,18600,11,29/05/23,,Caesarea,1,0,1,"4020,"
135987,135987 7290017804453 7290017804552,Venta HARMONYA II 52 Inch 3 Wings Ceiling Fan CCT With Light  RC Black 359900052 7290017804453 /552,279,650,312,6440,11,03/08/23,,Caesarea,3,0,4,"4020,"
136562,,Little Tikes Cozy Coupe Red with Yellow Roof 71642302 50743170263,385,715,400,8225,11,29/05/23,,Caesarea,2,0,2,"4003,"
149164,7290001683620,SIH Leshem Mailbox 37x13x36cm White 7290001683620,165,370,365,2315,11,29/05/23,,Caesarea,4,0,1,"4026,"
157882,7297425860019,Homestyle Zebra Roller Shades - 80x160cm White 86001 7297425860019,67,1620,74,2077.143,11,29/05/23,,Caesarea,7,0,8,"4027,"
157883,7297425860026,Homestyle Zebra Roller Shades - 80x160cm Beige 86002 7297425860026,67,1620,74,2077.143,11,29/05/23,,Caesarea,5,0,4,"4024,"
157886,7297425860118,Homestyle Zebra Roller Shades - 100x160cm White 86011 7297425860118,67,1620,74,2077.143,11,29/05/23,,Caesarea,10,0,8,"4027,"
157887,7297425860125,Homestyle Zebra Roller Shades - 100x160cm Beige 86012 7297425860125,67,1620,74,2077.143,11,29/05/23,,Caesarea,1,0,1,"4026,"
157889,7297425860170,Homestyle Zebra Roller Shades - 100x160cm Grey 86017 7297425860170,67,1620,74,2077.143,11,29/05/23,END,Caesarea,10,0,10,"4027,"
157890,7297425860217,Homestyle Zebra Roller Shades - 120x160cm White 86021 7297425860217,67,1620,74,2077.143,11,29/05/23,,Caesarea,7,0,7,"4020,"
157892,7297425860248,Homestyle Zebra Roller Shades - 120x160cm Wood Like 86024 7297425860248,60,930,70,1255,11,29/05/23,,Caesarea,3,0,3,"4026,"
157904,7297425860323,Homestyle Zebra Roller Shades - 140x160cm  Beige 86032 7297425860323,67,1620,74,2077.143,11,29/05/23,,Caesarea,7,0,4,"4025,"
157905,7297425860347,Homestyle Zebra Roller Shades - 140x160cm Wood Like 86034 7297425860347,60,930,70,1255,11,29/05/23,,Caesarea,10,0,10,"4026,"
157911,7297425860736,Homestyle Zebra Roller Shades - 160x160cm Grey 86073 7297425860736,67,1620,74,2077.143,11,29/05/23,,Caesarea,4,0,3,"4018,"
158096,7290015026338,Klearbar Panamara Water Bar White 37KB645 7290015026338,350,456,426,11058.333,11,29/05/23,,Caesarea,2,0,2,"4020,"
158097,7290015026338,Klearbar Panamara Water Bar Black 37KB645B 7290015026338,350,456,426,11058.333,11,29/05/23,EOL,Caesarea,1,0,1,"4020,"
160301,0608887786781,Yeelight Arwen Ceiling Light S Series 450S 3000lm YLXD013 88989 0608887786781 by Hemilton,125,597,597,3502.5,11,29/05/23,,Caesarea,1,0,10,"4002,"
161783,9780201400557,I-CAMP Alligator  Instant Setup V2.0 Tent 4 Person 93454 9780201400557,210,1212,220,10962.5,11,05/06/23,,Caesarea,5,0,5,"4002,"
163716,7290016783551,Barkan Extra Long Dual Arm Tv Wall Mount 13-80 Inch White BM464XLW 7290016783551,120,860,260,9820,11,29/05/23,,Caesarea,1,0,1,"4022,"
166790,7290018657829,Gold Line Turbo Airfryer Without Oil 5.4L 1800W ATL-9905 7290018657829,236,314,250,2840,11,29/05/23,,Caesarea,1,0,1,"4018,"
166810,7290017090801,Gold Line Toaster Oven White 21L 1280W ATL-6621W 7290017090801,332,468,354,5535,11,20/07/23,,Caesarea,4,0,4,"4002,"
166819,7290015062169,Gold Line Electric Pan Rectangle1450W ATL-2702 7290015062169,104,384,357,2725,11,29/05/23,,Caesarea,3,0,3,"4025,"
169905,4894060611773,Pit Toys Wood Toy Little Chef Kitchen White-Grey 16062 4894060611773,180,860,530,13620,11,29/05/23,,Caesarea,14,0,14,"4005,"
171063,7290111943911,Fennoma Stove Protector Black 100-3911 7290111943911,40,660,600,3875,11,29/05/23,,Caesarea,1,0,0,"4027,"
172139,7290115246414,Qplay Honeycomb Scooter Green 24641 7290115246414,120,585,225,3507.5,11,29/05/23,,Caesarea,3,0,2,"4026,"
174093,4549292143867,Canon Pixma TS3350 Wireless AIO Printer Black TS3350BK 4549292143867,191,526,382,5240,11,03/08/23,,Caesarea,139,0,151,"4031,"
174727,6913245100678,Omega 40W NEXT Round Led Ceiling Adjacent Black And CCT RC NEXT-480-40W-BK-RC 6913245100678,34,440,432,1625,11,29/05/23,,Caesarea,13,0,13,"4020,"
176105,6-93493-12065-4,Hidurit Samovar 80 Cups Stainless Steel Rose Gold M-LR12 693493120654,297,480,300,3769.286,11,29/05/23,,Caesarea,2,0,1,"4021,"
180524,6986689632111,Penguin Baby Snake Pillow Desert Landscape 6986689632111,139,421,392,1729.5,11,29/05/23,,Caesarea,1,0,1,"4021,"
181343,7290011531782 7290011531799,Segal Muze Toddler Bed White\Natural 2310010 7290011531782/7290011531799,200,1430,420,22500,11,29/05/23,,Caesarea,54,0,42,"4000,4001,4002,"
182882,,Bali Toy Musical Ride On with Light Disney Princess B-6013 6970335175442,230,540,270,2840,11,29/05/23,,Caesarea,1,0,0,"4013,"
183385,5060568342351 5060967393978,Ooni Modular Table 60X80X90 V2 Medium Black UU-P2F000 5060568342351 5060967393978,100,860,860,30200,11,25/01/24,EOL,Caesarea,1,0,1,"4007,"
185410,3583164162052,Baby Tech Multi Flow Breathable Mattress For Baby Bed 120*60cm 3583164162052,90,1270,630,3585,11,29/05/23,,Caesarea,1,0,1,"4018,"
186805,7290011297749,Selmor Manual Citrus Juice Extractor SE-749 Red 7290011297749,200,420,270,6650,11,29/05/23,,Caesarea,1,0,1,"4019,"
189781,,Lenovo L32p-30 IPS 31.5 Inch 4ms 60Hz 4K USB-C HDMI DP Webcam FreeSync Black Monitor 66DFUAC1IS,180,820,520,10700,11,29/05/23,,Caesarea,22,0,22,"4015,"
191140,050803770259,Vtech Baby First Steps Baby Walker - Yellow VTHH-077025 050803770259,130,530,375,2572.5,11,29/05/23,,Caesarea,2,0,2,"4018,"
191909,7290018225844,Gold Line RETRO Mini Fridge 90 Liter Black BC-140B 7290018225844,460,860,500,25335,11,29/05/23,,Caesarea,5,0,5,"4002,"
191996,731304410812,APC Back-UPS 1200VA/650Watts 6x Outlets BX1200MI 731304410812,203,448,252,8390,11,29/05/23,,Caesarea,10,0,10,"4009,"
192554,,Cricut Maker DIY Digital Cutting Machine Rose 90909-070-04 093573184314,280,660,280,10725,11,29/05/23,,Caesarea,2,0,2,"4027,"
195671,7290018729762,Dadada Learning Tower Light Gray 2340700 7290018729762,80,975,475,6825,11,29/05/23,,Caesarea,25,0,25,"4004,"
195675,7290018729748,Dadada Learning Tower White 2340010 7290018729748,80,975,475,6825,11,29/05/23,,Caesarea,12,0,11,"4004,"
198109,7297425861535,Homestyle Zebra Roller Shades - 80x160cm Light Grey 86153 7297425861535,65,1130,75,1465,11,29/05/23,,Caesarea,2,0,2,"4026,"
198134,7297425865601,Homestyle Double Layered Roller Shades - 100x160cm White 86560 7297425865601,43,1266,45,1037,11,29/05/23,,Caesarea,8,0,8,"4025,"
198139,7297425865717,Homestyle Double Layered Roller Shades - 120x160cm Cream 86571 7297425865717,43,1266,45,1037,11,29/05/23,,Caesarea,2,0,2,"4022,"
198141,7297425865748,Homestyle Double Layered Roller Shades - 120x160cm Beige 86574 7297425865748,43,1266,45,1037,11,29/05/23,,Caesarea,3,0,2,"4027,"
199814,7297425861566,Homestyle Zebra Roller Shades - 140x160cm Light Grey 86156 7297425861566,67,1620,74,2077.143,11,29/05/23,,Caesarea,3,0,3,"4027,"
201883,,Intex Sand Filter Pump for Pools 2800gal 26648 6941057413921,334,572,393,13350,11,06/08/24,,Caesarea,1,0,1,"4026,"
205056,3583164162038,Baby Tech Multi Flow Breathable Mattress For Baby Bed 127*66cm 3583164162038,90,1270,630,3585,11,29/05/23,,Caesarea,6,0,6,"4011,"
206197,6856743146314,Norther P Atlanta 56 Inch 3 Wings Ceiling Fan White/Wood NTP-ATLIP44-LED-WHWD 6856743146314,243,717,292,10285,11,03/10/23,,Caesarea,2,0,2,"4021,"
210606,7290015026055,Klearbar Mini Water Bar White 37KB635 7290015026055,360,520,430,13295,11,29/05/23,,Caesarea,1,0,1,"4024,"
210609,7290015026055,Klearbar Mini Water Bar Cream 37KB635E 7290015026055,360,520,430,13295,11,29/05/23,,Caesarea,1,0,1,"4021,"
211505,7290017804644,Venta HARMONYA 3 45 Inch 3 Wings Ceiling Fan With Light And Remote White 354599500 7290017804644,225,570,365,6472.5,11,29/05/23,,Caesarea,8,0,8,"4004,"
212667,7290018657775,Gold Line 56 Inch Ceiling Fan With Light Remote Control White ATL-8056W 7290018657775,252,598,388,6750,11,20/07/23,,Caesarea,1,0,0,"4027,"
212669,7290018657188,Gold Line 60 Inch Ceiling Fan With Light Remote Control White ATL-8060W 7290018657188,252,598,388,6750,11,20/07/23,,Caesarea,1,0,0,"4004,"
212671,7290018657386,Gold Line 60 Inch Ceiling Fan With Light Remote Control Black ATL-8060B 7290018657386,252,598,388,6750,11,20/07/23,,Caesarea,2,0,2,"4010,"
212942,7290105777348,Delonghi Digital Microwave 20L 700W White DL-3820-W 7290105777348 - By Brimag,290,470,380,11035,11,29/05/23,,Caesarea,1,0,0,"4004,"
212975,8004399024106,Delonghi Magnifica Evo Espresso Machine Black ECAM290.21.B 8004399024106 - By Brimag,310,510,410,11725,11,29/05/23,,Caesarea,2,0,2,"4010,"
214372,714346330935,Bowers & Wilkins Formation Wedge Wireless Speaker AirPlay 2 Black FP40664 714346330935,330,520,330,8465,11,29/05/23,END,Caesarea,1,0,1,"4018,"
214479,2112345678900 7290117720257,Bpatent Over The Toilet Space Saver With 3 Shelves White 2112345678900/7290117720257,70,910,270,2465,11,29/05/23,,Caesarea,11,12,23,"4014,"
215482,7290019243199,Dadada Learning Tower Natural 2340800 7290019243199,80,975,475,6825,11,29/05/23,,Caesarea,18,15,35,"4004,"
215483,7290018729779,Dadada Learning Tower Sage 2340300 7290018729779,80,975,475,6825,11,29/05/23,,Caesarea,22,0,19,"4009,"
216767,8710755130229,Brabantia BO 60L Touch Trash Can Black Y-130229 8710755130229,370,745,595,10170,11,29/05/23,,Caesarea,1,0,0,"4013,"
217707,8710755127205,Brabantia BO-HI 2X45L Laundry Bin Mat Black Y-200564 87107551200564,390,675,655,7530,11,29/05/23,,Caesarea,1,0,1,"4003,"
219931,7290100850350,Kapro 6 Steps W01-206 Wooden Ladder 1.9 Meter KPRLEDW01206 7290100850350 - By Hashahal,98,743,136,10110,11,03/10/23,,Caesarea,1,2,2,"4025,"
219933,7290100850169,Kapro 8 Steps W01-208 Wooden Ladder 2.5 Meter KPRLEDW01208 7290100850169 - By Hashahal,98,743,136,10110,11,03/10/23,,Caesarea,1,0,1,"4018,"
219934,7290100850381,Kapro 9 Steps W01-209 Wooden Ladder 2.8 Meter KPRLEDW01209 7290100850381 - By Hashahal,98,743,136,10110,11,03/10/23,,Caesarea,1,0,1,"4021,"
219935,7290100850398,Kapro 10 Steps W01-210 Wooden Ladder 3.1 Meter KPRLEDW01210 7290100850398 - By Hashahal,98,743,136,10110,11,03/10/23,,Caesarea,1,0,0,"4022,"
221211,5011423004686,KMix Picasso Stand Mixer Black 5L 1000W KMX770ABK 5011423004686 - By Brimag,300,450,450,10905,11,29/05/23,EOL,Caesarea,1,0,0,"4004,"
221214,5011423202228,KMix Metal Stand Mixer Silver 5L 1000W KMX761CH 5011423202228 - By Brimag,303,453,420,11221.667,11,29/05/23,,Caesarea,5,0,7,"4013,"
225557,5218100176562,BabySafe Grow With Me Baby High Chair Natural 12450 5218100176562,90,900,520,8960,11,29/05/23,,Caesarea,20,0,21,"4011,"
227803,6951800665965,Eko New Hanna 50L Pedal Trash Can Black EK6255-50L-BL 6951800665965 99216-008-04,335,656,443,4665,11,19/02/24,END,Caesarea,2,0,2,"4025,"
228618,5350555010173 5350555030126,Nuvita Breast Feeding Pillow Blue Stella 7100 5350555010173/5350555030126,198,546,408,1029,11,29/05/23,,Caesarea,5,0,6,"4011,"
229490,4895018237113,Skyworth 50 Inch QLED 4K HDR Pro TV With Netflix 50SUE9500 4895018237113 SG,140,1340,820,0,11,20/07/23,,Caesarea,1,0,1,"4016,"
234700,7290017090962,Gold Line 4 Gas Hob With Hood MGC-4 7290017090962,100,300,280,1655,11,29/05/23,,Caesarea,3,0,2,"4026,"
236702,72961926220,Baby Boss Pluma Baby High Chair Black 72961926220,275,869,555,9020,11,03/10/23,,Caesarea,26,0,27,"4013,4014,"
236703,72961926225,Baby Boss Pluma Baby High Chair Gray 72961926225,275,869,555,9020,11,03/10/23,,Caesarea,17,0,17,"4005,"
238484,8710755201189,Brabantia BO 36L Touch Trash Can Beige Y-201189 8710755201189,370,590,527,7846.25,11,29/05/23,,Caesarea,2,0,0,"4003,"
239999,743878047776,Klipsch Bookshelf Bluetooth Active Speakers The Sevens (Pair) Black 743878047776,405,567,545,23405,11,20/07/23,END,Caesarea,1,0,1,"4025,"
240057,785571730340,Yamayo Baby Folding Bath Pink/White YBB-100 785571730340,101,786,502,3051.667,11,20/07/23,,Caesarea,5,0,5,"4024,"
240097,4974019607153,Sharp Digital Microwave Flatbed Inverter 1200W 32L R-328FH(BS) 4974019607153 - By Ralco,380,587,487,14500,11,03/10/23,,Caesarea,16,0,19,"4001,"
240878,9780201379723,SAFA CA-001 Record Case For 30 Records Blue 9780201379723 2802,214,404,404,4475,11,03/10/23,,Caesarea,1,0,1,"4027,"
244803,4007126001511,Hailo Big Box Swing L 35L Trash Can White 840131 4007126001511,86,531,352,4080,11,29/05/23,,Caesarea,3,0,3,"4018,"
245445,4895224407096,Globber GO BIKE ELITE Balance Bike Fuchsia 4895224407096,166,601,259,4200,11,03/08/23,,Caesarea,3,0,3,"4028,"
246278,7290018657362,Gold Line 1300W Multi-Mix Multipurpose Mixer 7L Silver ATL-282 7290018657362,393,493,432,10035,11,20/07/23,,Caesarea,2,0,2,"4017,"
246455,6856741211472,Westinghouse Alloy 42 Inc 3 Wings Ceiling Fan 20W CCT RC Metallic Black 73074-2848 6856741211472,230,465,270,6550,11,29/05/23,,Caesarea,4,0,4,"4027,"
247452,9780201410662,I-CAMP Outdoor Mat 2.7X3.6 Meter 93549 9780201410662,51,898,454,2165,11,20/07/23,,Caesarea,17,0,17,"4002,"
247453,9780201410679,I-CAMP Outdoor Mat 3.6X3.6 Meter 93550 9780201410679,51,898,454,2165,11,20/07/23,,Caesarea,4,0,4,"4014,"
247454,9780201410686,I-CAMP Outdoor Mat 3.6X4.5 Meter 93551 9780201410686,51,898,454,2165,11,20/07/23,,Caesarea,18,0,18,"4011,"
247671,7291057093982,Klips Retractable Garden Hose Reel 15M 151115-002 7291057093982,208,446,357,7920,11,03/08/23,,Caesarea,18,0,15,"4005,"
247673,7291057094002,Klips Retractable Garden Hose Reel 30M 151115-004 7291057094002,208,446,357,7920,11,03/08/23,,Caesarea,19,0,18,"4001,"
249015,6856741211922,Westinghouse Montana 52 Inc 3 Wings Ceiling Fan 24W CCT RC Black+Wood 73099-2848 6856741211922,230,560,260,5155,11,29/05/23,,Caesarea,2,0,2,"4018,"
250958,7290115246834,Qplay NOVA Niello Foldable Trike Gray 24683 7290115246834,261,611,372,8445,11,03/08/23,,Caesarea,10,0,11,"4004,"
250959,7290115246841,Qplay NOVA Niello Foldable Trike Pink 24684 7290115246841,261,611,372,8445,11,03/08/23,,Caesarea,5,0,5,"4004,"
250960,7290115246858,Qplay NOVA Niello Foldable Trike Blue 24685 7290115246858,261,611,372,8445,11,03/08/23,,Caesarea,7,0,7,"4001,"
250961,7290116961057,Qplay NOVA Niello Foldable Trike Black 96105 7290116961057,261,611,372,8445,11,03/08/23,,Caesarea,4,0,3,"4002,"
250963,7290115246780,Qplay Rito Star Foldable Trike Gray 24678 7290115246780,319,587,410,10010,11,03/08/23,,Caesarea,1,0,0,"4018,"
250966,7290115246902,Qplay Rito Star Foldable Trike Purple 24690 7290115246902,319,587,410,10010,11,03/08/23,,Caesarea,2,0,1,"4004,"
250967,7290115246803,Qplay Rito Star Foldable Trike Black 24680 7290115246803,319,587,410,10010,11,03/08/23,,Caesarea,1,0,0,"4005,"
250968,7290115246575,Qplay Player Balance Bike - Red 24657 7290115246575,179,693,310,5230,11,03/08/23,,Caesarea,5,0,4,"4024,"
250971,7290115246551,Qplay Player Balance Bike - Pink 24655 7290115246551,179,693,310,5230,11,03/08/23,,Caesarea,4,0,4,"4025,"
251344,,Valpro Metal Jerrycan Holder For 20L Jerrycan 1134414,182,367,303,2420,11,29/05/23,,Caesarea,1,0,1,"4022,"
251352,4103810211676,Pressol Plastic Water Jerrycan With Tap 20L 1134455 4103810211676,170,350,310,590,11,29/05/23,,Caesarea,10,0,10,"4017,"
257298,7290118590095,Star X 48 Inch Ceiling Fan With Light Remote White 7290118590095 STX-Baby-WH,245,763,249,8320,11,03/10/23,,Caesarea,9,0,11,"4002,"
260873,7297476781615,Minene Baby Chair - Blue 13312006110OS 7297476781615,271,378,354,3015,11,06/08/23,,Caesarea,4,0,4,"4018,"
262064,7291057080388,Smith UV Shade Net Includes Rings 4X6m Blue 180215-008 7291057080388,117,337,275,1321.25,11,01/01/24,,Caesarea,7,0,6,"4011,"
262228,,Logistiplast Set 3 Compartments Organizer Blue Handle 2060111 7291055061655 BY L.C LTD,149,608,173,1967.5,11,03/08/23,,Caesarea,5,0,3,"4021,"
262230,2060113,Logistiplast Set 5 Compartments Organizer Blue Handle 2060113 BY L.C LTD,149,608,173,1967.5,11,03/08/23,,Caesarea,7,0,5,"4025,"
263609,6951800608726,Eko New Hanna 50L Pedal Trash Can Gray EK6255-50L Benda 99216-008-12 6951800608726,335,656,443,4665,11,03/10/23,END,Caesarea,3,3,3,"4002,"
264572,7290115626490,Food Appeal Marble Class Pot 40cm 19.2L 7290115626490,183,379,372,3425,11,06/08/24,,Caesarea,3,0,3,"4025,"
264589,652182743291 652182747282,Britax One4Life ClickTight Convertible Car Seat Safe Wash Glacier Graphite 2743291 652182747282 EOL,491,625,537,15915,11,03/10/23,EOL,Caesarea,1,0,0,"4017,"
264591,652182743338 652182747312,Britax One4Life ClickTight Convertible Car Seat Safe Wash Onyx Stone 2743338 652182743338,491,625,537,15915,11,03/10/23,,Caesarea,10,0,9,"4002,"
265112,7290019425991,Dadada Learning Tower Blue 2340500 7290019425991,80,975,475,6825,11,03/10/23,,Caesarea,5,0,5,"4023,"
266179,3583164162175,Baby Tech Airflow Double Mattress For Baby Bed 140*70cm 3583164162175,90,1190,620,2078.333,11,03/10/23,,Caesarea,9,0,9,"4005,"
266181,3583164162298,Baby Tech Airflow Visco Mattress For Baby Bed 140*70cm 3583164162298,93,1150,616,2620,11,03/10/23,,Caesarea,5,0,4,"4010,"
266990,7040351001397,Stokke Tripp Trapp Multistage Baby High Chair Glacier Green 100139 7040351001397,88,791,503,7196.667,11,03/10/23,,Caesarea,2,0,1,"4025,"
267130,7290113798571,Liper 50W Round Water Protected Ceiling Adjacent WW Black LIP-RD-SM-B-50W-IP65-W 7290113798571,50,270,265,560,11,10/12/23,END,Caesarea,2,0,3,"4018,"
267134,7290113799769,Liper 60W Round Water Protected Ceiling Adjacent WW Black LIP-RD-SM-B-60W-IP65-W 7290113799769,50,270,265,560,11,10/12/23,,Caesarea,1,0,1,"4020,"
281987,719821364719,Manfrotto Aluminum Tripod With 3 Way Tilt Head MK055XPRO3-3W 719821364719,115,415,123,2135.833,11,19/02/24,,Caesarea,2,0,2,"4018,"
284758,7290120820937,Tiva Design Clock 48cm Memphis SKU-2022 7290120820937,49,363,328,871.667,11,25/01/24,END,Caesarea,1,0,1,"4017,"
286851,3519280026343,Magimix Food Processor 4200JXL Premium 950W Black CS-4200JNXL 3519280026343 By Newpan,250,510,480,12071.667,11,25/01/24,,Caesarea,4,0,6,"4010,"
295498,4895224409236,Globber Learning Trike 2IN1 Fuchsia 735-110 4895224409236,164,413,280,3460,11,06/08/24,,Caesarea,2,0,2,"4017,"
295599,4895224409502,Globber Primo Lights Scooter Navy Blue 423-600-4 4895224409502,160,580,350,3085,11,06/08/24,,Caesarea,2,0,2,"4024,"
295601,4895224409564,Globber Primo Lights Scooter Mint 423-706-4 4895224409564,160,580,350,3085,11,06/08/24,,Caesarea,3,0,3,"4026,"
295677,37645,Klearbar Panamara Water Bar Matt Black 37KB645G,350,456,426,11058.333,11,06/08/24,,Caesarea,1,0,1,"4019,"
300637,6951800610866,Eko Pose 42L Raising Legs Trash Can Concrete Gray 6951800610866 BFL,325,656,465,7235,11,06/08/24,,Caesarea,2,0,3,"4014,"
301037,4046051146027,Deuter Futura 27 NL Backpack Khaki/Meadow 4046051146027,92,531,323,1435,11,06/08/24,END,Caesarea,1,0,1,"4018,"
301044,4046051157061,Deuter AC Lite 22 SL Backpack Lavender/Purple 4046051157061,67,518,311,940,11,06/08/24,END,Caesarea,2,0,2,"4017,"
301431,4250635611546,Groenberg Askja Cast Iron Pot 7L 4250635611546,194,288,275,6445,11,06/08/24,,Caesarea,1,0,1,"4018,"
307268,7290119333417,Eurolux Rectangular Hanging Lamp 5xE27 Up To 40W 2M Black LH-7027BK-L5 7290119333417,77,576,116,1415,11,06/08/24,,Caesarea,3,0,3,"4017,"
309213,7290019052210,Passer Mini Flushing Water Cleaning Patent 50X35 Gray 7290019052210,98,779,461,1745,11,06/08/24,,Caesarea,56,0,64,"4010,"
309331,7290114432382,Dragon Cyber Gaming Chair Fabric Gray/Pink GPDRC-CYBER-GPF 7290114432382 - Isfar,284,833,562,21635,11,06/08/24,,Caesarea,5,0,5,"4005,"
309333,7290114432399,Dragon Cyber Gaming Chair Organe Basketball GPDRC-CYBER-OBB 7290114432399 - Isfar,284,833,562,21635,11,06/08/24,END,Caesarea,2,0,1,"4003,"
310919,193052064219,X-Shot Insanity - HorrorFire Double Ripper 16 Darts 6463X 193052064219,63,222,140,700,11,06/08/24,,Caesarea,11,0,11,"4019,"
42478,7290004574895,Barkan Tilt Wall Mount Up to 90 Inch E410+.B 7290004574895,30,355,165,1187.5,11,29/05/23,,Caesarea,4,0,6,"4023,"
65685,7290016240887,Gold Line Mini Fridge 90 Liter BC-140 7290016240887,460,860,500,25335,11,29/05/23,,Caesarea,43,0,46,"4005,4011,4013,"
65881,,Little Tikes Cozy Coupe Ladybird 71173059 50743173059,385,715,400,8225,11,29/05/23,,Caesarea,2,0,2,"4020,"
65882,,Little Tikes Dino Cozy Coupe Ride-On 71173073 50743173073,385,715,400,8225,11,29/05/23,,Caesarea,1,0,1,"4017,"
67343,6921850629736,FSL 60W SPARK Round Led Ceiling Adjacent White WW+CW+DL FS-SPARK-60W-RC 6921850629736,90,480,450,1285,11,29/05/23,,Caesarea,8,0,8,"4026,"
69801,7290013382474,Gold Line Double Ceramic Hotplate ATL-802 7290013382474,96,433,296,2565,11,29/05/23,,Caesarea,9,0,9,"4018,"
69805,7290010483709,Gold Line Huge Saturday Hot Plate ATL-500 7290010483709,75,485,375,3060,11,29/05/23,,Caesarea,7,0,6,"4004,"
76835,7290005330056,Hemilton Saturday Hot Plate Large 400W HEM-270 542X420X65Cm HEM-270 7290005330056,60,730,440,4975,11,29/05/23,,Caesarea,1,0,2,"4017,"
78162,7290015062244,Gold Line Big Ironing Board PREMIUM  ATL-1122 7290015062244,70,1650,440,7490,11,29/05/23,,Caesarea,14,0,9,"4005,"
80047,3519280021164,Magimix Food Processor 5200JXL Premium 1100W Black CS-5200JNXL 3519280021164 By Newpan,250,513,480,12133.333,11,29/05/23,,Caesarea,5,0,10,"4002,"
80533,7290017804309,Venta HARMONYA 45 Inch 3 Wings Ceiling Fan With Light And Remote Teak 354599000 7290017804309,221,574,371,5985,11,03/08/23,,Caesarea,5,0,2,"4005,"
89803,4897033963527 4897033963701,Scoot and Ride Scooter Highwaykick 1 - 5 Blueberry 96352 4897033963527,175,550,255,3668.75,11,29/05/23,,Caesarea,9,0,11,"4020,"
91787,091037204394 91037204394,GMG 12.7kg Pellets Grill Smoker - Texas GMG-2004 CD008269 91037204394,56,476,240,13303.333,11,29/05/23,,Caesarea,2,0,0,"4004,"
92002,3519280020761,Magimix Juice Expert 2 Citrus & Hard Fruits Juicer 400W White JE2WH 3519280020761 By Newpan,230,540,240,8100,11,29/05/23,,Caesarea,1,0,2,"4025,"
92020,3519280021102,Magimix Food Processor 4200JXL Premium 950W Red CS-4200JRXL 3519280021102 By Newpan,250,510,480,12071.667,11,29/05/23,,Caesarea,2,0,2,"4017,"
92022,3519280021232,Magimix Food Processor 5200JXL Premium 1100W Chrome CS-5200JCMXL 3519280021232 By Newpan,250,513,480,12133.333,11,29/05/23,,Caesarea,7,0,14,"4010,"
92027,3519280021225,Magimix Food Processor 5200JXL Premium 1100W White CS-5200JWXL 3519280021225 By Newpan,250,513,480,12133.333,11,29/05/23,,Caesarea,5,0,9,"4005,"
94501,7290011879754,Gold Line Mini Fridge 50 Liter BC-50 White 7290011879754,460,520,510,13110,11,29/05/23,,Caesarea,4,3,6,"4006,"
95253,6921850654653,Norther P VITA CCT 52 Inch 3 Wings Ceiling Fan Black NTP-VIT53-BKWN-LED 6921850654653,240,690,340,7620,11,29/05/23,,Caesarea,1,0,0,"4023,"
97954,7290017804354,Venta HARMONYA II 52 Inch 3 Wings Ceiling Fan CCT With Light  RC Matte White 354899002 7290017804354,279,650,312,6440,11,03/08/23,,Caesarea,4,0,3,"4013,"
97956,7290017804323,Venta HARMONYA II 64 Inch 3 Wings Ceiling Fan CCT  With Light RC Teak 356099001 7290017804323,302,861,325,0,11,29/05/23,,Caesarea,9,0,2,"4006,"
98887,9780201379631,I-CAMP Triton Instant Setup Tent 2 Person 9780201379631 / 93250,210,1212,220,10962.5,11,19/02/24,,Caesarea,13,0,15,"4003,"
99986,7290016755510,Star 44 Inch Ceiling Fan With Light 3 And Remote Control White 7290016755510 Item Key 3342,190,580,220,5875,11,29/05/23,,Caesarea,5,0,0,"4009,4010,"
102379,7291057046544,Hunter Table Drill 13MM 100210-001 7291057046544,230,470,360,18885,13,03/10/23,,Caesarea,2,0,2,"4028,"
104259,7290018089668,Hemilton Toaster Nirosta 6 Pieces Open 180 Degrees 2000W  HEM-1361 7290018089668,120,340,280,2190,13,26/06/23,,Caesarea,1,0,0,"4013,"
106491,7290114430586,Dragon Sniper Gaming Chair Black / Red GPDRC-SNIP-R 7290114430586 - Isfar,251,802,540,19488.75,13,03/10/23,,Caesarea,1,0,1,"4005,"
106965,,Fellowes Laminator Saturn 3I A3 80-125 Mic 43859679980 DLL5736001,25,56,50,57,13,26/06/23,,Caesarea,6,0,7,"4024,"
107212,7290114430579,Dragon Sniper Gaming Chair Black / Gray GPDRC-SNIP-G 7290114430579 - Isfar,251,802,540,19488.75,13,10/12/23,END,Caesarea,1,0,0,"4019,"
109320,5705548040635,Baby Dan Asta Pressure Safety Gate White 5705548040635,40,572,292,1884.167,13,26/06/23,,Caesarea,4,0,6,"4026,"
110395,4974019128320,Sharp Digital Microwave 800W 20L Black R-209Z(K) 4974019128320 4974 - By Ralco,293,493,386,11810,13,26/06/23,,Caesarea,14,0,11,"4009,4010,"
110461,1600000,PIL 15Kg Oak Pellets 6MM 1600000,62,431,264,9195.714,13,26/06/23,,Caesarea,34,0,27,"4010,"
111058,6921850653007,Westinghouse Mountain Gale 52 Inch 3 Wings Ceiling Fan Silver Black 72422-2848 6921850653007,220,620,280,7505,13,26/06/23,,Caesarea,1,0,1,"4018,"
111366,5705548029685,Baby Dan 72cm Extension For White Compound 5705548029685,33,541,274,1480.5,13,26/06/23,,Caesarea,1,0,1,"4021,"
111370,5705548031954 5705548042066,Baby Dan Olaf XXL Black Compound 5705548042066\5705548031954,40,572,292,1884.167,13,26/06/23,,Caesarea,2,0,2,"4023,"
112341,819955120011,Audioengine Active Subwoofer S8 Gloss White 819955120011,310,380,310,8225,13,27/06/23,,Caesarea,3,0,4,"4012,"
113102,4712818985290,Signet Organized Toolbox 22 Inch Metal Latch 054030 4712818985290,196,400,219,1629,13,10/12/23,,Caesarea,1,0,1,"4021,"
113549,7290005580239,Selmor Big Popcorn Maker SE-239 7290005580239,140,290,150,1035,13,03/10/23,,Caesarea,51,0,50,"4002,4003,"
113877,9312742309039 9312742809034,Dreambaby Liberty 27CM Gate Extension White F903 DRG-0903 9312742309039 / 9312742809034,63,814,682,5911.429,13,03/10/23,,Caesarea,2,0,2,"4023,"
114986,8806090215865,Samsung C32R500FHM/P Curved LED VA 31.5 Inch 4ms 75Hz VGA HDMI WideScreen Dark Blue Gray,165,806,473,9228,13,26/06/23,,Caesarea,21,0,19,"4016,"
115530,3253561833199,Stanley Modular Rolling ToolBox Trolley STST83319-1 3253561833199,250,550,410,7415,13,06/07/23,,Caesarea,2,0,2,"4007,"
115729,0887961742879,Barbie Dreamplane Playset GDG76 02493256MAT 0887961742879,210,525,300,3555,13,26/06/23,,Caesarea,2,0,2,"4010,"
116684,4059952526652,Bosch AdvancedRotak 750 1700W Corded Lawnmower (0 600 8B9 305) 4059952526652 08B9.305,270,610,390,9485,13,26/06/23,,Caesarea,1,0,1,"4017,"
116901,3165140569187,Bosch PBD 40 Bench Drill 710W (0 603 B07 000) 3165140569187 B 3B07,230,470,360,18885,13,03/10/23,,Caesarea,1,2,2,"4026,"
117325,6942138967104,Bestway Fortech Queen Inflatable Mattress + Electric Air Pump 203X152X46 Gray 69050 6942138967104,199,370,346,8180,13,26/06/23,,Caesarea,13,0,13,"4013,"
117681,6943478021853,Hape Flower Power Guitar 10600 6943478021853,83,544,239,960,13,03/07/23,,Caesarea,5,0,5,"4025,"
118381,4201926091,PROXEN Stand Mini Drill Press 350W 13mm 25-ZJ4113A 4201926091,230,470,360,18885,13,26/06/23,,Caesarea,8,0,9,"4009,"
118384,8422473526900,PIHER Quick Release Clamp With Plastic Handle Up to 150Kg 90cm 44-52690 8422473526900,33,592,166,682.5,13,26/06/23,,Caesarea,4,0,4,"4025,"
118529,4004025095146,WAGNER Electric Airless Sprayer Control 150M 350W 5500ml 40-2394312 4004025095146,180,460,266,3863.333,13,03/10/23,,Caesarea,2,0,2,"4025,"
120199,4242005076321,Bosch Serie 2 Vacuum Cleaner Without Bags 1.5L 700W BGC05AAA2 4242005076321 - 2 Years Warranty BSH,280,400,310,4330,13,27/06/23,,Caesarea,1,0,0,"4005,"
121538,9780201310290,I-CAMP Commander Camping Table XXL 93283 9780201310290,170,680,230,5785,13,26/06/23,,Caesarea,8,0,8,"4010,"
121815,7290018225530,Gold Line Spinning Shawarma ATL-6111 7290018225530,285,405,320,3322.5,13,27/06/23,,Caesarea,4,0,4,"4022,"
122740,3165140926072,Bosch GAS 12-25 PL 1250W Wet / Dry Dust Vacuum Cleaner (0 601 97C 100) 3165140926072 197C.1,380,640,400,9485,13,26/06/23,,Caesarea,0,12,13,"4002,"
123433,7290005902345,Tyroler Ravmag A-2 Slanted Side Rubber Broom 42cm 7290005902345,70,1395,90,855,13,26/06/23,,Caesarea,93,0,95,"4004,"
124669,3165140931663,Bosch 2 Tool Set 18V GDX 180-LI + GSR 180-LI (0 601 9G5 222) 3165140931663 19G5.222,110,410,360,4750,13,26/06/23,,Caesarea,9,0,8,"4009,"
127547,7291044110210,Eco Euro Mosquito Fly Bug Insect Zapper 2X7W UV silver JB20E-2X15L2 7291044110210,117,361,231,1331.667,13,26/06/23,,Caesarea,3,0,7,"4027,"
128530,4010951780544,Ikra Electric Telescopic Height Saw 750W IEAS-750 61906750 4010951780544,190,480,280,5835,13,26/06/23,,Caesarea,16,0,14,"4005,"
129355,,Normande Mixer 5L 6 Speeds 1000W White/Gold MK-37 By Clinton,265,425,350,4850,13,26/06/23,,Caesarea,3,0,3,"4027,"
129634,9780963741585,NGL Outdoor Mat 1.8X2.7 Meter 1015 9780963741585,130,920,450,5125,13,26/06/23,,Caesarea,10,0,10,"4002,"
129636,9780326491874,NGL Outdoor Mat 4.5X4.5 Meter 1019 9780326491874,87,672,275,1766,13,27/06/23,,Caesarea,8,0,9,"4022,"
129638,9780465132799,NGL Outdoor Mat 2.7X3.6 Meter 1017 9780465132799,130,920,450,5125,13,26/06/23,,Caesarea,2,0,2,"4003,"
129725,3700802102311,Buki France Metal detector Expert KTD2000 3700802102311,90,360,320,830,13,26/06/23,,Caesarea,4,0,2,"4009,"
132337,1202025000051,Hamilton Beach 14 Cup Dicing Food Processor 70825-IS 1202025000051 By Shaoulian,274,484,417,7749.583,13,26/06/23,,Caesarea,1,0,1,"4025,"
132975,4078500962537,Gardena Electric Blower / Vacuum Cleaner ErgoJet 3000 3 In 1 3000W 9332 62049332 4078500962537,179,517,235,2838.417,13,27/06/23,,Caesarea,1,0,0,"4011,"
133224,088381874854,Makita Compound Miter Saw 260mm 1650W LS1040N 088381874854,343,466,410,13913.333,13,27/06/23,,Caesarea,1,0,1,"4023,"
133259,088381699471,Makita Circular Saw 185mm 1200W HS7000 088381699471,310,410,350,11065,13,26/06/23,,Caesarea,1,0,0,"4024,"
133639,7291044103113,Semicom 16 Inch Wall Fan HAFA-16WL 7291044103113,180,490,436,3353.333,13,27/06/23,,Caesarea,19,0,18,"4011,"
134695,8053675902256,Due Cigni Lopping Shears 78cm 2C 392/78 8053675902256,55,265,110,130,13,27/06/23,,Caesarea,2,0,2,"4027,"
135836,4974019128313,Sharp Digital Microwave 800W 20L White R-209Z(W) 4974019128313 4974 - By Ralco,293,493,386,11810,13,26/06/23,,Caesarea,29,0,28,"4007,4008,"
136447,7290005579738,Selmor 16 Inch Standing Fan 3 Speeds 50W WS-49T 7290005579738,120,540,425,5822.5,13,26/06/23,,Caesarea,10,0,10,"4011,"
136451,7290005580970,Selmor 16 Inch Hanging Fan + Remote Control SE-970 7290005580970,150,430,430,2405,13,26/06/23,,Caesarea,3,0,3,"4022,"
136454,7290011296353,Selmor Professional Mosquito Killer 2X20W SE-353 1296353 7290011296353,120,335,210,1627.5,13,26/06/23,,Caesarea,13,0,13,"4010,"
136464,7290005580871,Selmor Floor Fan 20 Inch SE-871 120W 7290005580871,240,620,590,7065,13,27/06/23,,Caesarea,1,0,1,"4019,"
136891,6939924818719,Midea 16 Inch Standing Fan 4 Speeds + Timer & Remote Control Black FS40-15FR 6835 6939924818719,160,542,436,6470,13,27/06/23,,Caesarea,2,0,2,"4013,"
143596,3165140966320,Bosch GCO 14-24 J 2400W Metal Cut-off Grinder (0 601 B37 200) 3165140966320 1B37,370,590,410,20990,13,10/12/23,,Caesarea,1,0,1,"4022,"
145111,7291057086328,Hunter Circular Garong Saw 10 Inch 1600W 100613-004 7291057086328,325,475,400,10562.5,13,26/06/23,,Caesarea,7,0,6,"4013,"
145274,7290015521994,Sachs Fridge 50 Liter Black EF-50B 7290015521994,440,530,510,13815,13,06/07/23,,Caesarea,6,0,5,"4003,"
148033,300000015,Carne Perforated Square Pizza Peel 30.5CMx1M 300000015,15,1500,295,655,13,26/06/23,,Caesarea,5,0,5,"4022,"
148042,300000013,Carne Square Pizza Peel Wood Handle 30cmx91cm 300000013,12,542,302,425,13,26/06/23,,Caesarea,2,0,2,"4026,"
161024,7290016755794,Star 12 Inch Industrial Fan Black FE30F 7290016755794 Item Key 172,158,426,396,2510,13,27/06/23,,Caesarea,8,0,8,"4009,"
166204,667380785820,Next Level Racing F-GT Simulator Cockpit Matte Black NLR-S010 667380785820,110,780,295,8120,13,03/10/23,END,Caesarea,1,0,1,"4021,"
166214,667380785837,Next Level Racing F-GT Monitor Stand Matte Black NLR-A006 667380785837,300,780,475,27323.75,13,26/06/23,END,Caesarea,1,0,1,"4017,"
166561,7290114431385,Dragon Portable Green Screen 142cm GPDRA-GRNSCREEN 7290114431385 - Isfar,80,524,469,5984,13,03/10/23,END,Caesarea,12,0,17,"4022,"
166812,7290017090795,Gold Line Toaster Oven Silver 21L 1280W ATL-6621S 7290017090795,332,468,354,5535,13,03/10/23,,Caesarea,2,0,2,"4008,"
166814,7290013382740,Gold Line Sharden Toaster Oven  Silver 32L 1600W ATL-6632 7290013382740,380,550,450,11015,13,27/06/23,,Caesarea,3,0,3,"4010,"
166815,7290017090740,Gold Line Toaster Oven Black 40L 1600W ATL-6640 7290017090740,400,605,440,10467.5,13,03/07/23,,Caesarea,20,0,18,"4001,"
167178,7290018076712,Arcosteel Aluminium Dish Drying Rack 55x38 Medium 490-76712-01 7290018076712,96,437,276,1357.926,13,27/06/23,,Caesarea,9,0,10,"4010,"
167180,7290017909318,Arcosteel Aluminium 2 Level Dish Drying Rack 55x38 Large 490-09318-02 7290017909318,96,437,276,1357.926,13,27/06/23,,Caesarea,4,12,16,"4011,"
169956,7290112635167 7290112638526,Keter Mobile Tool Box 28 Inch 259068 7290112635167 / 7290112638526,302,690,425,8893.75,13,26/06/23,,Caesarea,7,0,6,"4011,"
170652,4974019785677,Sharp Digital Microwave Oven with Grill 34L 1000W R77AT(ST) 4974019785677 By H-Shalom,380,590,480,17725,13,26/06/23,,Caesarea,21,0,20,"4009,"
171648,6901294171657,Spark Toys Hebrew Speaking First Step Walker 6901294171657,170,520,330,2545,13,06/07/23,,Caesarea,2,0,2,"4017,"
172683,4549292126815,Canon Pixma MG3650S Wireless All-in-One Printer - Black mg3650sbkeur2 4549292126815,379,521,477,10505,13,26/06/23,,Caesarea,13,0,13,"4031,"
172684,4549292126846,Canon Pixma MG3650S Wireless All-in-One Printer - White mg3650seur2wh 4549292126846,311,569,437,12369,13,03/10/23,,Caesarea,27,0,27,"4031,"
173976,7290016674422,Universe CycloneVacuum Cleaner NRI-703-V38 2000W 3101210 7290016674422,295,490,315,6675,13,27/06/23,,Caesarea,3,0,3,"4021,"
178183,,Asus TUF VG32VQ1BR Gaming Monitor 31.5 Inch VA QHD 1ms 165Hz DP 2xHDMI 90LM0661-B02170,235,807,632,11287.5,13,03/07/23,,Caesarea,5,0,5,"4015,"
178253,,LG 38WP85C-W UWQHD+ IPS HDR10 FreeSync 37.5 Inch 2xHDMI DP USB Type-C Curved UltraWide White Monitor,225,1035,520,19355,13,27/06/23,,Caesarea,2,0,2,"4014,"
181353,4059952608686,Bosch GDX + GWS + GBH 3 Tool Kit + Bag (0 615 990 M5G) 4059952608686 15990.M5G,295,545,335,10183.75,13,03/07/23,,Caesarea,2,0,4,"4004,"
182746,,Numark PT01 Scratch Turntable 676762316415,231,480,397,6395,13,27/06/23,,Caesarea,2,0,2,"4024,"
182838,7290109763538,Climex Folding Director Chair CL-402 7290109763538,95,870,640,5242.5,13,26/06/23,,Caesarea,2,0,0,"4007,"
183258,,Xerox B230V DNI Wifi Laser Printer,385,555,500,20875,13,26/06/23,,Caesarea,71,0,75,"4013,4014,"
183609,7290014430495,Universe Digital Tower Heater Fan Turbo + Remote Control NRI-407R 5051196 7290014430495,138,290,229,1488,13,27/06/23,END,Caesarea,6,0,6,"4009,"
183882,4005176327636,Grohe Essentials 90 Degree Grip Bar 68x94cm Chrome 40797001 4005176327636,40,450,70,300,13,26/06/23,END,Caesarea,4,0,4,"4019,"
185307,887961869248,Fisher Price On-the-Go Baby Dome GNG36 02499056MAT 887961869248,70,440,360,845,13,26/06/23,,Caesarea,1,0,3,"4002,"
185715,,Sharkoon ELITE SHARK CA700H White RGB ATX Case No PSU 4044951032112,233,495,418,5141.667,13,26/06/23,,Caesarea,1,0,2,"4011,"
185986,,Bosch GTM 12 JL 1800W Table Saw (0 601 B15 001) 3165140695268 1B15.001,367,499,430,16187.5,13,10/12/23,,Caesarea,2,0,2,"4012,"
187115,,Kapro Genesis 781-41P Spirit Level 80cm + Laser Eyepiece KPR113590 7396327189522 - By Hashahal,30,760,65,758.542,13,26/06/23,,Caesarea,4,0,4,"4025,"
187117,,Kapro Genesis 781-41P Spirit Level 180cm KPR113595 7396325283604 - By Hashahal,30,760,65,758.542,13,26/06/23,,Caesarea,1,0,1,"4017,"
187505,7290115901559,Anonima Toddler Bed Hello Kitty 525-1053 7290115901559,105,936,670,16907.143,13,27/06/23,,Caesarea,1,0,1,"4027,"
188049,,Denon 5.1 Channel 4K Ultra HD AV Receiver + Bluetooth AVR-X250BT 4951035065136 By Bruhim,235,530,450,12487.5,13,26/06/23,,Caesarea,11,0,13,"4008,"
188147,,Dell S3422DWG 34 Inch Curved Gaming WQHD VA 144Hz 2Ms DP 2xHDMI Monitor 5397184504963,197,947,501,10655.714,13,10/12/23,,Caesarea,1,0,1,"4016,"
188373,,Corsair iCUE 7000D AIRFLOW Tempered Glass Full Tower ATX Case Black No PSU (CC-9011218-WW),306,600,597,15220,13,10/12/23,,Caesarea,55,0,55,"4002,4003,4008,4014,"
188424,,Kapro Genesis 781-41PM Spirit Level 120cm + Laser Eyepiece KPR113602 7396326796424 - By Hashahal,30,760,65,758.542,13,26/06/23,,Caesarea,2,0,2,"4024,"
188430,,Kapro Genesis 781-41PM Spirit Level 150cm KPR113603 7396320000541 - By Hashahal,30,760,65,758.542,13,26/06/23,,Caesarea,1,0,1,"4020,"
188431,7396321057216 KPR113600,Kapro Genesis 781-41PM Spirit Level 80cm + Laser Eyepiece KPR209894 7396321057216 - By Hashahal,30,760,65,758.542,13,26/06/23,,Caesarea,2,0,2,"4017,"
188587,6934177743665,Xiaomi Smart Mi Air Purifier 4 Pro White BHR5056EU 81008 6934177743665 - 1 Year Warranty by Hemilton,295,625,295,6395,13,03/10/23,,Caesarea,55,0,59,"4009,"
188648,629162900029,Napoleon Pizza Lovers Starter Kit 90002 629162900029,22,232,94,164.75,13,26/06/23,,Caesarea,2,0,2,"4022,"
188703,,Super-Bag Monoblock Drawer And Organizer Big 39 Drawers 170125-003 8696272011275 By Smith,158,432,271,1955.833,13,26/06/23,,Caesarea,8,0,7,"4010,"
188984,7396328883344,Kapro Genesis 781-41P Spirit Level 100cm KPR113591 7396328883344 - By Hashahal,30,760,65,758.542,13,26/06/23,,Caesarea,2,0,2,"4025,"
194941,,Makita LXT 18V Cordless Hedge Trimmer 600mm (Body Only) DUH602Z 088381874786,200,815,230,4145,13,26/06/23,,Caesarea,2,0,3,"4002,"
194983,7290006907578,Bolt FLT201 Folding Carrying Cart And Stairs Up To 80/150Kg BLT000046 7290006907578 - By Hashahal,86,855,375,9636.25,13,26/06/23,EOL,Caesarea,71,0,71,"4011,4031,"
195346,6942138919028,Bestway Pool Electric Water Heater 58259 6942138919028,186,509,295,4345.25,13,26/06/23,,Caesarea,8,0,10,"4011,"
196153,,innova ALMMCM27 FHD IPS 27 Inch 75Hz Framless Black Monitor 7290115794908,176,722,460,8759.963,13,27/06/23,,Caesarea,28,0,27,"4016,"
196390,6970834679007,Tactix Modular Mobile Storage System 3 Levels On Wheels 320382 6970834679007,343,578,453,9762.143,13,10/12/23,,Caesarea,7,0,7,"4018,"
198412,7290100843802,Kapro Condor 905-40PM Magnetic Spirit Level 180cm KPR157632 7290100843802 - By Hashahal,30,760,65,758.542,13,26/06/23,,Caesarea,2,0,2,"4021,"
198416,7290100843680,Kapro Condor 905-40PM Magnetic Spirit Level 100cm KPR157630 7290100843680 - By Hashahal,30,760,65,758.542,13,26/06/23,,Caesarea,4,0,4,"4022,"
199218,4242005238675,Bosch 3-IN-1 Push Toaster 2000W Red TCG4104 4242005238675 - 2Y Warranty BSH,190,410,360,5070,13,26/06/23,,Caesarea,58,0,69,"4007,"
199398,4054278817514,Karcher High Pressure Washer Accessories 180 Bar 2 In 1 PN: 2.644-249.0 4054278817514 - Shelldan,129,373,212,738.276,13,26/06/23,,Caesarea,2,0,2,"4024,"
200514,300836115,Carne Wooden Pizza Peel 30x92cm 300836115,12,542,302,425,13,26/06/23,,Caesarea,1,0,1,"4022,"
200588,7290005902604,Tyroler Ravmagav-3 Flexible Rubber Floor Squeegee 40cm 7290005902604,70,1395,90,855,13,10/12/23,,Caesarea,60,0,60,"4002,"
203239,6941057403861,Intex Inflatable Boat Set Seahawk 3 68380 6941057403861,136,445,325,4713.333,13,26/06/23,,Caesarea,1,0,1,"4018,"
203241,6941057463247,Intex Inflatable Boat Set Excrusion 4 68324 6941057463247,136,445,325,4713.333,13,26/06/23,,Caesarea,1,0,1,"4017,"
203667,,NGL Beach Wagon Rocky XXL With Wide Wheels  1071,160,630,500,6585,13,03/07/23,,Caesarea,2,1,1,"4001,"
206166,6856740533636,Westinghouse Mountain Gale 52 Inch 3 Wings Ceiling Fan White 73082-2848 6856740533636,245,666,294,7808,13,03/10/23,,Caesarea,2,0,2,"4026,"
206194,6856741635742,Norther P Atlanta 56 Inch 3 Wings Ceiling Fan Black NTP-ATLIP44-LED-BK 6856741635742,243,717,292,10285,13,03/10/23,,Caesarea,3,0,3,"4026,"
206195,6856742987406,Norther P Atlanta 56 Inch 3 Wings Ceiling Fan Black/Wood NTP-ATLIP44-LED-BKWD 6856742987406,243,717,292,10285,13,03/10/23,,Caesarea,6,0,3,"4023,"
206253,7290004782634,Barkan  Floor Stand TV Mount - Tilt & Height Adjustment 13-65 Inch FS310T 7290004782634,55,315,225,3452.5,13,26/06/23,,Caesarea,4,0,6,"4024,"
206827,8712581756826,Philips 329P9H 31.5 Inch Monitor 36206-329-31 8712581756826,170,920,550,14465,13,26/06/23,,Caesarea,1,0,1,"4028,"
208531,,MSI Optix MEG381CQR Plus Curved UWQHD+ 175Hz 37.5 Inch 2xHDMI DP RGB Gaming Monitor 9S6-3EA45T-011,225,1035,520,19355,13,27/06/23,EOL,Caesarea,3,0,3,"4021,"
208987,0622356249959,Ninja Foodi 11-in-1 SmartLid Multi Cooker 6L 1460W OL550EU 0622356249959 - 1 Year By H-Shalom,360,390,380,8345,13,26/06/23,,Caesarea,19,0,23,"4012,"
209130,,Intex Multisport Inflatable Play Center 57147 6941057420158,120,423,396,5095,13,26/06/23,,Caesarea,25,0,25,"4001,"
209133,,MSI MPG GUNGNIR 110R Mid Tower White Case No PSU 306-7G10W21-W57,306,575,540,9453.333,13,26/06/23,,Caesarea,12,0,12,"4011,"
209467,7290114721547,Fujicom HD Led Frameless TV 32 Inch FJ-32X400 7290114721547 FUJI,123,796,503,5240,13,26/06/23,EOL,Caesarea,1,0,0,"4016,"
209736,,Segway Ninebot KickScooter F25E Black 8719324556873 / 8720254405469 / 8720254406206,220,1210,620,24320,13,26/06/23,,Caesarea,26,0,29,"4005,"
210158,7291057101717,Klips Quick Release Clamp One Hand 30 Inch 70x750mm 111813-006 7291057101717,30,604,190,671,13,26/06/23,,Caesarea,5,0,4,"4024,"
210159,7291057101724,Klips Quick Release Clamp One Hand 36 Inch 70x900mm 111813-007 7291057101724,30,604,190,671,13,26/06/23,,Caesarea,12,0,12,"4017,"
210282,7506240621768,Truper Pretul DIA-100P Aluminum Folding Hand Truck 24127 7506240621768,110,755,413,8112.308,13,27/06/23,,Caesarea,4,0,4,"4022,"
211415,7291044121568,Semicom Energy 18W CCT 42 Inch 4 Wings Ceiling Fan RC White SM-L42043W/18CT 7291044121568,272,496,300,4301.667,13,26/06/23,,Caesarea,146,0,137,"4009,4010,4018,"
211584,7290106934238,Keter Compartments Trolly 15 Gallons Black 250252 7290106934238,302,690,425,8893.75,13,26/06/23,,Caesarea,4,0,4,"4007,"
211833,093573938313,Cricut Explore 3 Cutting Machine 90909-083-38 093573938313,235,455,235,6827.5,13,03/10/23,,Caesarea,3,0,4,"4028,"
211961,7290100853092 KPR209850 KPRLED405A03,Kapro 20 Steps Telescopic Multifunctional Ladder 5.25 Meter KPR209610 7290100853092 - By Hashahal,200,1280,580,13250,13,26/06/23,,Caesarea,1,0,1,"4002,"
213435,4001702021191,Bruder Claas Lexion 780 Terra Trac Combine Harvester 530-2119 4001702021191,163,444,206,1230,13,26/06/23,,Caesarea,1,0,1,"4021,"
213478,4001702027520,Bruder Construction Truck with Articulated Road Loader 530-2752 4001702027520,190,860,280,3090,13,26/06/23,,Caesarea,1,0,1,"4026,"
213501,8004399024724,Delonghi Specialista Arte Espresso Machine Black / Nirosta EC9155.MB 8004399024724 - By Brimag,395,490,400,11330,13,27/06/23,,Caesarea,2,0,1,"4006,"
214415,4010951748131 4010951748476,Ikra Mogatec Electric Leaf Blower And Vacuum 1800W LSN 1800 61906118 4010951748131,187,419,210,1765,13,26/06/23,,Caesarea,2,0,1,"4023,"
214609,5621111274446 8773737274441,Benaton BT-7444 16 Inch X Base Standing Fan 5621111274446,160,542,436,6470,13,27/06/23,,Caesarea,20,0,20,"4010,"
215549,4059952555102,Bosch Easyaquatak 120 Car Kit 1500W High Pressure Washer (0 600 8A7 902) 4059952555102 08A7.902,326,600,382,17393.333,13,26/06/23,,Caesarea,12,0,14,"4006,"
217263,7290016783599,Barkan Extra Long TV Wall Mount 13-83 Inch BM443XL 7290016783599,80,550,282,6253.75,13,03/07/23,,Caesarea,6,0,8,"4026,"
217427,,KEF LSX II Digital Active wireless Speaker System White(Pair),320,545,325,8932.5,13,26/06/23,,Caesarea,3,0,3,"4028,"
217428,,KEF LSX II Digital Active wireless Speaker System Blue(Pair),320,545,325,8932.5,13,26/06/23,,Caesarea,2,0,3,"4017,"
217429,,KEF LSX II Digital Active wireless Speaker System Sound Wave Edition Beige Spring(Pair) 637203047770,360,620,360,11320,13,26/06/23,,Caesarea,1,0,1,"4026,"
219479,,Dell P2723QE LED IPS 26.96 Inch 4K HDMI DP RJ-45 4xUSB USB Type-C Silver Hub Monitor 5397184656808,139,814,438,9175,13,10/12/23,,Caesarea,1,0,1,"4027,"
219496,,LG 34WQ650-W UWFHD IPS VESA HDR400 34 Inch 2xHDMI DP USB Type-C UltraWide White Monitor,210,930,510,10635,13,26/06/23,,Caesarea,37,0,36,"4016,"
220009,4058546220259,Milwaukee Packout Set 3 Pcs Tool Box Organizer and Trolley 4932464244 4058546220259 - By Delco,132,477,363,2210,13,03/10/23,,Caesarea,4,0,4,"4013,"
221060,4059952553719,Bosch UniversalGardenTidy 3000W Corded Garden Vacuum (0 600 8B1 001) 4059952553719 08B1.001,170,460,220,2925,13,26/06/23,,Caesarea,6,5,14,"4005,"
221200,5011423004969 5011423196091,Kenwood Pro XL Stand Mixer Silver 6.7L 1700W KPL9000S 5011423004969 - By Brimag,363,620,490,17026.667,13,26/06/23,,Caesarea,7,0,7,"4001,"
225346,7290018657164,Gold Line Mini Fridge 50 Liter Glass Door BC-50GS Black 7290018657164,450,550,500,18560,13,26/06/23,,Caesarea,24,0,21,"4011,4012,"
225349,7291044120868,Semicom 40W BARAK LED Linear Ceiling Adjacent CW IP65 SM-YL40M/DL 7291044120868,40,910,70,360,13,26/06/23,,Caesarea,11,0,12,"4017,"
225408,7297425850553,Homestyle Door Mat - 45x70cm Oval 85055 7297425850553,10,750,450,1856,13,26/06/23,,Caesarea,14,0,14,"4020,"
228004,,KEF LSX II Digital Active wireless Speaker System Red(Pair),320,545,325,8932.5,13,26/06/23,,Caesarea,1,0,1,"4027,"
228510,7290011296155,Selmor Samovar 50 Cups 10L 950W SE-155 7290011296155,315,471,316,3734.167,13,27/06/23,,Caesarea,1,0,1,"4018,"
229085,0734896382697,Bright Office BO-8309 A3 Metal Laminator/4 Rolls 0734896382697,81,355,143,2109.25,13,27/06/23,,Caesarea,2,0,2,"4017,"
229088,0734896382826,DSB CB-3000 A4 Electric Comb Binding Machine/25 punching Sheet/Binding cap 500 Sheets 0734896382826,170,410,250,2935,13,26/06/23,,Caesarea,1,0,1,"4025,"
229089,0734896382833,DSB CB-240E A4 Electric Comb Binding Machine/25 punching Sheets/Binding cap 500 Sheet 0734896382833,170,410,250,2935,13,26/06/23,END,Caesarea,1,0,1,"4024,"
229095,0734896382970,Bright Office BO-8618 A3 Rolling-Cut 0734896382970,126,617,298,3368,13,27/06/23,,Caesarea,1,0,1,"4025,"
229096,0734896382987,Bright Office BO-8624 A2 Rolling-Cut 0734896382987,126,617,298,3368,13,27/06/23,,Caesarea,1,0,1,"4024,"
229108,0734896383069,RC Systems RC-442 A3 Guillotine Paper Cutter 0734896383069,69,583,309,2857.857,13,27/06/23,END,Caesarea,1,0,1,"4017,"
229141,,Normande Hanging infrared heating Gray projector PHG-2000R By Clinton,187,648,334,3991.818,13,27/06/23,EOL,Caesarea,17,0,17,"4001,"
229151,4573211159196,Pioneer 5.2.2 Channel 8k HDR10 AV Receiver with Bluetooth WiFi VSX-935-B 4573211159196,220,520,390,9605,13,26/06/23,,Caesarea,1,0,1,"4018,"
229489,307845017,Carne Square Pizza Peel Wood Handle 30x66cm 307845017,12,542,302,425,13,26/06/23,,Caesarea,2,0,1,"4027,"
230223,4001702037758,Bruder MAN TGS Tanker Truck Petrol Max 530-3775 4001702037758,180,510,250,2305,13,26/06/23,,Caesarea,2,0,2,"4027,"
231286,84000640028 840006640028,Elgato Wave Microphone Arm 10AAM9901 84000640028,192,473,294,2222.5,13,03/10/23,,Caesarea,10,0,11,"4025,"
231296,,Corsair iCUE 5000T RGB Tempered Glass Mid Tower ATX Case Black No PSU (CC-9011230-WW),284,551,505,8441.136,13,27/06/23,,Caesarea,2,0,3,"4001,"
231364,6934177775345,Xiaomi Smart Mi Air Purifier 4 Compact White BHR5860EU 89509 6934177775345 - 1Y Warranty by Hemilton,295,625,295,6395,13,26/06/23,,Caesarea,31,0,36,"4012,"
231481,847539094175,Honey Can Do Spice Rack With Paper Towel Hanger KCH-09417 847539094175,177,377,267,1765,13,26/06/23,END,Caesarea,1,0,1,"4021,"
231807,,Lenovo D32u-40 VA 31.5 Inch 4ms 60Hz 2xHDMI DP Black Monitor 66FDGAC2IS,186,884,524,7261.667,13,26/06/23,,Caesarea,4,0,4,"4015,"
231860,3165140829007,Bosch Professional GAS 15 PS 1100W Wet/Dry Dust Vacuum Cleaner (0 601 9E5 100)3165140829007 19E5.100,390,480,450,9470,13,03/10/23,,Caesarea,9,0,9,"4007,"
232297,10037332213478,Tripp Lite Mobile TV Mount Cart With Metal Shelf Up To 70 Inch DMCS3770L 10037332213478,76,683,230,5403.333,13,26/06/23,,Caesarea,2,0,2,"4002,"
232412,8806091646699,LG 34WQ75C-B QHD IPS 34 Inch 2xHDMI DP USB Type-C 4xUSB UltraWide Black Monitor 8806091646699,210,930,510,10635,13,26/06/23,,Caesarea,8,0,7,"4015,"
232857,HL-12-1,RL Bike Stand Solo HL-12-1,205,590,380,1500,13,26/06/23,,Caesarea,4,0,4,"4007,"
232865,,Lenovo D32-40 VA 31.5 Inch 4ms 60Hz HDMI DP Black Monitor 66FCGAC2IS,186,884,524,7261.667,13,26/06/23,,Caesarea,9,0,8,"4016,"
232866,,Lenovo Legion Y32p-30 IPS 31.5 Inch 144Hz 0.2ms 2xHDMI DP USB-C 3xUSB F-Sync Monitor 66F9UAC6IS,186,884,524,7261.667,13,26/06/23,,Caesarea,23,0,23,"4015,4016,"
232982,6934177744761,Xiaomi Smart Mi Air Purifier 4 White BHR5096GL 6934177744761 - 1 Year Warranty by H-Shalom,300,640,300,6810,13,26/06/23,,Caesarea,33,0,32,"4009,4010,"
233289,5708614903766,Cozze Perforated Pizza Peel 30X30cm 90376 90318 5708614903186 / 5708614903766,24,621,282,756.786,13,26/06/23,,Caesarea,2,0,2,"4022,"
233528,,MSI PRO MP341CQW Curved UWQHD 100Hz 34 Inch 2xHDMI DP Monitor 9S6-3PB2CT-019,185,945,635,13465,13,03/10/23,,Caesarea,61,0,60,"4015,4016,4031,"
233529,,MSI PRO MP341CQ Curved UWQHD 100Hz 34 Inch 2xHDMI DP Monitor 9S6-3PB2CT-020,185,945,635,13465,13,03/10/23,,Caesarea,60,0,60,"4015,4016,"
233866,8809597083852 8809597083937,Kuvings Revo830 Whole Slow Juicer Black 8809597083937 / 8809597083852,270,425,370,9325,13,26/06/23,,Caesarea,2,0,1,"4011,"
233867,8809597083944,Kuvings Revo830 Whole Slow Juicer White 8809597083944,270,425,370,9325,13,26/06/23,,Caesarea,2,0,1,"4012,"
233868,8809597083951,Kuvings Revo830 Whole Slow Juicer Red 8809597083951,270,425,370,9325,13,26/06/23,,Caesarea,3,0,3,"4025,"
234030,,Delonghi La Specialista Prestigio Espresso Machine Metal Stain.S EC9355.M 8004399019942 - By Brimag,395,490,400,11330,13,27/06/23,,Caesarea,2,0,3,"4001,"
234619,4242005289349,Bosch Serie 4 Induction Hob With 4 Heat Surface Touchselect 7400W 60cm Black PIE611BB5E -BSH,125,750,605,13115,13,26/06/23,,Caesarea,12,0,13,"4001,4002,"
234622,4242005285662,Bosch Serie 4 Induction Hob With 4 Heat Surface Touchselect 1-Phase 3700W 60cm Black PUE611BB5Y -BSH,125,750,605,13115,13,26/06/23,,Caesarea,7,0,5,"4014,"
234627,,Asus TUF VG27WQ Gaming Monitor 27 Inch Curved VA WQHD 1ms 165Hz 2xHDMI DP 90LM05F0-B02E70,180,686,456,7724.091,13,03/07/23,,Caesarea,4,0,4,"4016,"
235836,4260752330282,Sennheiser AMBEO Sub Black 4260752330282,310,380,310,8225,13,27/06/23,,Caesarea,3,0,3,"4020,"
235850,4006592081904,Fireman Sam Police Station With Helicopter 81904 4006592081904,102,329,259,868.333,13,26/06/23,,Caesarea,1,0,1,"4020,"
236300,4211125663759,Beurer Air Purifier BWALR220 4211125663759,215,425,385,5190,13,03/10/23,,Caesarea,3,0,3,"4024,"
236575,,Avigail Leg for PHG-2000SR / PHS-3000R Heater 7833001109553,170,520,500,8680,13,26/06/23,,Caesarea,2,0,2,"4019,"
236581,4059952614762,Bosch Advenced Hedgecut 70 500W Corded Hedge Trimmer (0 600 8C0 903) 4059952614762 08C0.903,150,710,178,2780,13,26/06/23,,Caesarea,2,0,2,"4020,"
236627,120717029005,Moledet Saturday Warming Plate 6 Pots 644x484mm 450W ML-1090 1207170290005 By Shaulian,90,680,475,4365,13,26/06/23,,Caesarea,1,0,2,"4023,"
236808,,Dr.Whinsdorf Foot Massager ZQ-1412 BY DARNA,480,550,500,13210,13,03/07/23,,Caesarea,9,0,12,"4001,"
237999,,Reloop Beatmix 4 MK2 DJ Controller 4043034158336,90,510,325,3027.5,13,06/07/23,,Caesarea,3,0,3,"4017,"
238235,,MSI MEG PROSPECT 700R Mid Tower Black Case No PSU 306-7G15R21-W57,306,575,540,9453.333,13,26/06/23,,Caesarea,8,0,8,"4008,"
238236,,MSI MAG FORGE 112R Mid Tower Black Case No PSU 306-7G16X23-809,306,575,540,9453.333,13,03/10/23,,Caesarea,9,0,3,"4007,"
238237,,MSI MAG FORGE M100R Micro ATX Tower Black Case No PSU 306-7G20R21-809,251,477,412,6524.167,13,10/12/23,,Caesarea,24,0,23,"4011,"
238716,3583164152732,Baby Tech  Airflow Double Mattress For Cradle 86*48*4 cm 3583164152732,40,875,525,735,13,26/06/23,,Caesarea,3,0,3,"4004,"
238726,,Lenovo D24-40 75Hz LED VA 23.8 Inch HDMI VGA Free-Sync Monitor 67A2KAC6IS,130,610,396,5500,13,26/06/23,,Caesarea,44,0,49,"4028,"
238727,,Lenovo D27-40 FHD 75Hz LED VA 27 Inch HDMI VGA Free-Sync Monitor 67A3KAC6IS,175,740,488,10862.727,13,26/06/23,,Caesarea,158,0,147,"4013,4014,4015,4016,"
238743,5705548049409 5705548049423,Baby Dan Slimlise Narrow Pressure Safety Gate White 5705548049409/5705548049423,40,572,292,1884.167,13,26/06/23,,Caesarea,3,0,4,"4020,"
238745,5705548027568,Baby Dan 7cm Extension For Slimfit Narrow Pressure & Premier Safety Gate 5705548027568,33,541,274,1480.5,13,26/06/23,,Caesarea,4,0,4,"4025,"
238746,5705548047764,Baby Dan 32cm Extension For Premier Pressure Safety Gate Black 5705548047764,33,541,274,1480.5,13,26/06/23,,Caesarea,1,0,1,"4018,"
238748,5705548041397,Baby Dan Premier Pressure Safety Gate With 7cm Extension Black 5705548041397,40,572,292,1884.167,13,26/06/23,,Caesarea,3,0,3,"4027,"
239574,4058546220242,Milwaukee Packout - Tool Large Box Organizer 4932464079 4058546220242 - By Delco,132,477,363,2210,13,26/06/23,,Caesarea,11,0,10,"4003,"
239941,,Yeedi Floor 3 Robot Vacuum And Mop YDTX11 6972790741408 - By Ronlight,450,510,470,16590,13,26/06/23,,Caesarea,1,0,0,"4017,"
239982,8900052762005,Benaton Multi Pan For Cooking Baking And Roasting BT- 6200 8900052762005,120,550,280,2500,13,27/06/23,,Caesarea,3,0,2,"4027,"
239990,8231218080504,Benaton Samovar 6L BT-8080-50 Tzomet Approved No Need Tvila 8231218080504,275,430,280,3082.5,13,27/06/23,,Caesarea,1,0,1,"4026,"
240001,743878047714,Klipsch Bookshelf Bluetooth Active Speakers The Nines (Pair) Black 743878047714,225,316,261,4666.667,13,27/06/23,END,Caesarea,1,0,1,"4018,"
240036,,Siemens StepFlame Gas Stove FlameSelect Stainless Steel 5 Flames EC7A5SB95Y - BSH,150,780,610,15385,13,26/06/23,,Caesarea,30,0,29,"4004,"
240037,2185535563,Bosch Serie 6 Gas Stove FlameSelect Glass Black 5 Flames 75cm PPQ7A6M25Y 4242005372379 - BSH,150,790,610,19330,13,26/06/23,,Caesarea,32,0,33,"4003,"
240038,4242005372263,Bosch Serie 6 Gas Stove Flame Select Glass Black 4 Flames 60cm PPH6A6M25Y - BSH,154,643,580,12480.435,13,26/06/23,EOL,Caesarea,8,0,5,"4004,"
240039,4242005372249,Bosch Serie 6 Gas Stove FlameSelect Stainless Steel 4 Flames 60cm PCH6A5B95Y 4242005372249 - BSH,154,643,580,12480.435,13,26/06/23,,Caesarea,26,0,22,"4006,"
240041,,Siemens StepFlame Gas Stove FlameSelect Glass Black 5 Flames 75cm EP7A6QB95Y - BSH,140,780,600,20565,13,26/06/23,EOL,Caesarea,7,0,7,"4008,"
240061,785571730395,Yamayo Padded Toilet Trainer Blue YPL-100 785571730395,97,310,275,583.125,13,27/06/23,,Caesarea,72,0,72,"4002,"
240431,4548736109964,Sony Additional Wireless Subwoofer 200W Black SA-SW3 4548736109964 - ISFAR,310,380,310,8225,13,27/06/23,,Caesarea,1,0,1,"4026,"
240443,,Tineco FLOOR ONE S5 Combo Smart Cordless All in One  Hard Floor Cleaner 6972200196200,192,723,272,7437,13,26/06/23,,Caesarea,54,0,61,"4006,4011,"
240929,,Asus TUF VG28UQL1A Gaming Monitor 28 Inch IPS 4K 144Hz 1ms DP 4xHDMI 2xUSB 90LM0780-B01170,180,690,520,7905,13,03/07/23,,Caesarea,3,0,3,"4026,"
240960,,Xiaomi Smart Mi Air Purifier 4 Pro White BHR5056EU 6934177743665 - 1 Year Warranty By H-Shalom,295,625,295,6395,13,26/06/23,,Caesarea,34,0,34,"4009,4010,"
241101,4006501564214,Leifheit Telescopic Classic Floor Squeegee 56421 4006501564214,40,1202,115,603,13,27/06/23,,Caesarea,5,0,6,"4021,"
241103,4006501564153,Leifheit Supra Rubber Broom 35cm 56415 4006501564153,92,438,111,640,13,26/06/23,,Caesarea,9,0,8,"4028,"
241202,4006501119148,Leifheit Regulus Aqua Vacuum Cleaner 11914 4006501119148,54,247,56,145,13,26/06/23,,Caesarea,3,0,3,"4019,"
241235,4006501119407,Leifheit Clean Tenso Power 11940 4006501119407,290,513,320,6998.333,13,27/06/23,,Caesarea,3,0,3,"4020,"
241249,4006501450227,Leifheit Click System Steel Handle 140 CM 45022 4006501450227,65,335,190,377.857,13,26/06/23,,Caesarea,5,0,5,"4020,"
241252,4006501814135,Leifheit Quartett 42 Extendable Radiator Laundry Airer Dryer 81413 4006501814135,107,962,489,5685,13,10/12/23,,Caesarea,2,0,1,"4023,"
243662,6946499311668,Jimmy Handheld Cordless Vacuum Cleaner H8 Flex 6946499311668 - 2 Years Warranty By Ronlight,210,690,282,5995.714,13,26/06/23,,Caesarea,12,0,17,"4012,"
243901,4006501830562,Leifheit Classic 70 Hanging Dryer 83056 4006501830562,107,962,489,5685,13,03/10/23,,Caesarea,5,0,5,"4018,"
244253,4007430214188,Metabo TS 254 Table Saw 600668000 4007430214188 97-D4M9-029358,410,830,810,37000,13,27/06/23,,Caesarea,1,0,1,"4001,"
244274,03138522123291,Coleman Quad Chair Gray 2000038574 03138522123291,60,630,520,1980,13,26/06/23,,Caesarea,74,0,74,"4009,"
244470,7290114431866,Dragon Gaming Chair (Mac.Haifa) Green / White GPDRC-FC-MCH 7290114431866 - Isfar,7,853,365,19845,13,03/10/23,END,Caesarea,2,0,2,"4002,"
244472,7290114431859,Dragon Gaming Chair (Mac.Tel-Aviv) Blue  / Yellow  GPDRC-FC-TLV 7290114431859- Isfar,7,853,365,19845,13,10/12/23,END,Caesarea,3,0,3,"4001,"
244503,4548736129863,Sony Additional Wireless Subwoofer 300W Black SA-SW5 4548736129863 - ISFAR,310,380,310,8225,13,27/06/23,,Caesarea,1,0,1,"4028,"
244791,4007126015853,Hailo Pure L 25L Pedal Trash Can Stainless Steel 530010 4007126015853,250,454,393,2390,13,03/10/23,,Caesarea,2,0,2,"4021,"
245806,,Kapro 6X8 Steps Telescopic Wide Lean Ladder 2.35 Meter KPRLEDA0235 Hashahal,200,1280,580,13250,13,26/06/23,,Caesarea,3,0,3,"4017,"
246022,196548866786,Printer HP Smart Tank 580 Wireless All-in-One (1F3Y2A) 196548866786,213,480,446,7756.667,13,26/06/23,,Caesarea,52,30,83,"4004,"
246075,7290105776389,Delonghi Digital Microwave 22L 800W White DL-2022 7290105776389 - By Brimag,320,540,400,12340,13,10/12/23,,Caesarea,1,0,0,"4021,"
246246,7290018657232,Gold Line 2000W Sharden Turbo Toaster Oven 48L ATL-6648 7290018657232,409,593,422,8230,13,03/10/23,,Caesarea,2,0,2,"4020,"
246265,7290018657317,Gold Line 700W Mechanical Microwave 20L White P70T20P-V4W 7290018657317,285,501,372,11440,13,26/06/23,,Caesarea,10,0,10,"4009,"
246266,7290018657515 7290018657713,Gold Line 700W Mechanical Microwave 20L Silver P70T20P-V4S 7290018657515,285,501,372,11440,13,26/06/23,,Caesarea,5,0,4,"4002,"
246268,7290018657713,Gold Line 700W Digital Microwave 20L Silver P70T20AP-V4 7290018657713,293,493,386,11810,13,26/06/23,,Caesarea,1,0,0,"4024,"
246269,7290011879464,Gold Line 700W Digital Microwave Mirror Door 20L Silver P80D20ELDK 7290011879464,293,493,386,11810,13,26/06/23,,Caesarea,4,0,4,"4005,"
246460,6913245106939,Westinghouse Mountain Gale 52 Inc 3 Wings Ceiling Fan White 72423-2848 6913245106939,236,653,263,6819.333,13,26/06/23,,Caesarea,8,0,8,"4001,"
246464,6856742367116,Norther Superiore 46 Inc 3 Wings Ceiling Fan 24W CCT RC Black NTP-SPR46-BK-LED 6856742367116,300,600,310,6795,13,26/06/23,,Caesarea,3,0,3,"4024,"
247203,7291044123494,Semicom Touch 42W 52 Inch 3 Wings Ceiling Fan RC White + Wood SM-3750/WW 7291044123494,225,625,285,7595,13,26/06/23,END,Caesarea,3,0,3,"4019,"
247218,7291044123951,Semicom Sensation 36W CCT 52 Inch 3 Wings Ceiling Fan RC White SM-3061W52/36CT 7291044123951,220,620,280,7505,13,26/06/23,,Caesarea,9,0,8,"4011,"
247226,7291044127836,Semicom Pleasure 36W CCT 52 Inch 3 Wings Ceiling Fan RC White SM-3061WP52/36CT 7291044127836,220,620,280,7505,13,26/06/23,,Caesarea,3,0,1,"4005,"
247231,7291044126037,Semicom 16 Inch Wall Fan Black HAFA-16WLB 7291044126037,180,490,436,3353.333,13,27/06/23,,Caesarea,21,0,21,"4012,"
247395,6921850645149,Omega 36W Monster Electricl Mosquito Killer IK210-2X18W 6921850645149,70,100,100,120,13,26/06/23,,Caesarea,4,0,4,"4021,"
247398,7754617030334,Omega 60W UV Mechani Mosquito Killer With Switch Copper Coil OM IK201-3x20W 7754617030334,70,100,100,120,13,26/06/23,,Caesarea,8,0,8,"4009,"
247400,6921850653311,Omega 50 UV LED Mosquito Killer OM IK291-50LED 6921850653311,70,100,100,120,13,26/06/23,,Caesarea,4,0,4,"4018,"
247403,6856744898960,Omega 30W 60 UV LED Electricl Mosquito Killer OM-235LED-2X15W 6856744898960,70,100,100,120,13,26/06/23,,Caesarea,3,0,4,"4025,"
247445,9780201410563,I-CAMP Nato MetalLic Fuel Jerrycan 10L 93524  9780201410563,170,333,289,2311.667,13,26/06/23,,Caesarea,13,0,15,"4027,"
247446,9780201410570,I-CAMP Nato MetalLic Fuel Jerrycan 20L 93525  9780201410570,168,471,341,3802.5,13,26/06/23,,Caesarea,11,0,11,"4010,"
247656,8806091466075,LG Ellipse Cyclone Vacuum Cleaner VC5420NNTS.APSQDAG 8806091466075 - By Brimag,290,580,310,8515,13,26/06/23,,Caesarea,3,0,2,"4001,"
247758,4058546325268,Milwaukee Packout Set 3 Pcs Tool Box Organizer 4932472130 4058546325268 - By Delco,40,370,210,1115,13,26/06/23,,Caesarea,5,0,4,"4005,"
247952,4001702027742,Bruder MAN TGA Truck with Low Loader Trailer and Manitou Telehandler 530-2774 4001702027742,160,590,300,2730,13,26/06/23,,Caesarea,1,0,1,"4018,"
248191,4006501565907,Leifheit Sweeper Set Pico Spray With Handle And Open Dust Pan 56590 4006501565907,92,510,132,1668,13,06/07/23,,Caesarea,1,0,0,"4023,"
248192,4006501565532,Leifheit Floor Wiper Picobello M Micro Duo 56553 4006501565532,40,1202,115,603,13,27/06/23,,Caesarea,2,0,1,"4021,"
248263,4007126017192,Hailo Anti Slip Folding 2 Steps Stool K40 BasicLine 4396200 4007126017192,172,640,495,3239,13,03/10/23,,Caesarea,3,0,3,"4023,"
248389,6939962620398,Midea Built In Gas Hob 4 Flames 60CM White 60SJ401_MN04 6729 6939962620398,165,660,585,12635,13,26/06/23,,Caesarea,5,0,3,"4006,"
248428,7290016674804,Universe Saturday Thermos No Tvila NR-508 8L Tzomet&Halacha Approved Silver 3052245 7290016674804,270,500,350,4035,13,26/06/23,,Caesarea,6,0,6,"4021,"
248519,22060664980108,Foron Ceramic Hob With 4 Heat Surface Touch Control MS161/2021 22060664980108 SHL,90,670,590,8360,13,26/06/23,,Caesarea,8,0,6,"4001,"
248700,,Ichud Hatzalah Plastic First Aid Cabinet With Equipment 1032/4108,70,170,110,205,13,27/06/23,,Caesarea,4,0,4,"4012,"
248721,4974019751436,Sharp Digital Microwave Oven with Grill 25L 1000W R75MT(S) 4974019751436 By H-Shalom,330,550,426,14560,13,26/06/23,,Caesarea,28,0,27,"4003,"
248962,4242003806395,Siemens EQ.6 Plus S500 Automatic Espresso Machine TE655203RW 4242003806395 -2Y Warranty BSH,327,477,405,10478.75,13,26/06/23,,Caesarea,1,0,1,"4004,"
249019,6856742657040,Westinghouse Valeria 42 Inc 3 Wings Ceiling Fan 36W CCT RC White 73103-2848 6856742657040,255,502,318,6593,13,27/06/23,,Caesarea,5,0,5,"4019,"
249484,3519280023946,Magimix Food Processor 4160 Plus 950W White CS-4160PLUSW 3519280023946 By Newpan,247,512,477,11711.25,13,26/06/23,,Caesarea,1,0,0,"4026,"
249516,886084117694,LG 32GP750-B UltraGear QHD IPS G-Sync 165Hz 32 Inch 1ms 2xHDMI DP Gaming Monitor Black  886084117694,176,836,508,10081,13,26/06/23,,Caesarea,14,0,12,"4016,"
249646,6941057422817,Intex AquaQuest 320 Inflatable Paddle Board 68242 6941057422817,265,878,396,12709.167,13,27/06/23,,Caesarea,2,0,2,"4026,"
250898,,Samsung S28BG700EP Gaming Monitor LED IPS 28 Inch 4K UHD G-Sync FreeSync Black,180,710,495,8720,13,27/06/23,,Caesarea,6,0,5,"4015,"
250935,7290115246445,Qplay Scooter Mika Red 24644 7290115246445,120,585,225,3507.5,13,03/10/23,,Caesarea,2,0,1,"4020,"
250939,7290115246452,Qplay Scooter Mika Pink 24645 7290115246452,120,585,225,3507.5,13,26/06/23,,Caesarea,3,0,0,"4006,"
250942,7290115246438,Qplay Scooter Mika Green 24643 7290115246438,120,585,225,3507.5,13,26/06/23,,Caesarea,1,0,1,"4021,"
250943,7290115246469,Qplay Scooter Mika Blue 24646 7290115246469,120,585,225,3507.5,13,26/06/23,,Caesarea,4,0,3,"4021,"
250948,4897033965309,Scoot and Ride Scooter Lifestyle 1 Black / Gold 96530 4897033965309,167,568,287,3347.818,13,26/06/23,,Caesarea,3,0,2,"4021,"
250949,4897033965293,Scoot and Ride Scooter Lifestyle 2 Black / Gold 96529 4897033965293,167,568,287,3347.818,13,26/06/23,,Caesarea,24,0,23,"4005,"
250950,4897033965286,Scoot and Ride Scooter Lifestyle Reflective 2 Rose 96528 4897033965286,167,568,287,3347.818,13,26/06/23,,Caesarea,1,0,1,"4021,"
250952,4897033965262,Scoot and Ride Scooter Lifestyle 2 Brown 96526 4897033965262,167,568,287,3347.818,13,26/06/23,,Caesarea,9,0,9,"4013,"
250953,4897033965255,Scoot and Ride Scooter Lifestyle 2 Green 96525 4897033965255,167,568,287,3347.818,13,26/06/23,,Caesarea,4,0,4,"4011,"
250954,4897033965248,Scoot and Ride Scooter Lifestyle 2 Leopard 96524 4897033965248,167,568,287,3347.818,13,26/06/23,,Caesarea,3,0,3,"4024,"
250955,4897033965231,Scoot and Ride Scooter Lifestyle 2 Zebra 96523 4897033965231,167,568,287,3347.818,13,26/06/23,,Caesarea,19,0,19,"4009,"
251046,7291057069451,Smith PVC Garden Pipe 3/4 Inch 50M 151111-008 7291057069451,115,275,271,2471.667,13,26/06/23,,Caesarea,2,0,2,"4026,"
251048,7291057069444,Smith PVC Garden Pipe 3/4 Inch 30M 151111-007 7291057069444,115,275,271,2471.667,13,26/06/23,,Caesarea,2,0,2,"4026,"
252079,,Lenovo Legion Y27qf-30 27 240Hz 0.5ms IPS 27 Inch QHD DP 2xHDMI 4xUSB Free-Sync Monitor 67A7GAC3IS,175,740,488,10862.727,13,26/06/23,,Caesarea,46,0,45,"4015,4016,"
253095,,Asus ROG Swift PG27AQN Gaming Monitor 27 Inch IPS QHD 360Hz DP 3xHDMI 2xUSB-A 90LM0820-B01370,180,686,456,7724.091,13,26/06/23,,Caesarea,3,0,3,"4028,"
253183,605566130859,Taf Toys Urban Garden Foam Playmat 13085 605566130859,96,632,412,1795,13,26/06/23,,Caesarea,27,0,26,"4000,"
254347,4006501815705,Leifheit Standing Dryer Pegasus 150 Solid Slim 87001 4006501815705,107,962,489,5685,13,10/12/23,,Caesarea,8,0,8,"4027,"
254348,4006501815149,Leifheit Standing dryer Pegasus 180 Solid Classic 87002 4006501815149,107,962,489,5685,13,10/12/23,,Caesarea,7,0,7,"4002,"
254784,,MSI Modern MD271UL UHD 60Hz 27 Inch 2xHDMI DP USB-C Monitor 9S6-3PB8CH-015,181,840,456,8298.5,13,26/06/23,,Caesarea,1,0,2,"4015,"
255284,,Lenovo L22e-40 VA 21.5 Inch 4ms 75Hz FHD HDMI VGA AMD FreeSync Gray Monitor 67AFKACBIS,162,562,350,5446.25,13,27/06/23,,Caesarea,211,0,228,"4031,"
255285,,Lenovo L22i-40 IPS 21.5 Inch 4ms 75Hz FHD HDMI VGA AMD FreeSync Gray Monitor 67AEKACBIS,162,562,350,5446.25,13,27/06/23,,Caesarea,86,0,87,"4013,"
255326,,Lenovo L25e-40 VA 24.5 Inch 4ms 75Hz FHD HDMI VGA Gray Monitor 67ADKAC4IS,216,692,442,0,13,26/06/23,EOL,Caesarea,3,0,3,"4014,"
255394,7350061083560,Ankarsrum 1500W 7L Kitchen Mixer AKM 6230 Royal Blue 2300108 7350061083560 By DMGO,331,488,461,11190.833,13,03/10/23,,Caesarea,7,0,7,"4002,"
255395,7350061086776,Ankarsrum 1500W 7L Kitchen Mixer AKM 6230 Ocean Blue 2300121 7350061086776 By DMGO,331,488,461,11190.833,13,03/10/23,,Caesarea,11,0,11,"4005,"
255396,7350061083614,Ankarsrum 1500W 7L Kitchen Mixer AKM 6230 Black Diamond 2300116 7350061083614 By DMGO,331,488,461,11190.833,13,03/10/23,,Caesarea,16,0,16,"4013,"
255397,7350061088251,Ankarsrum 1500W 7L Kitchen Mixer AKM 6230 Harmony Beige 2300124 7350061088251 By DMGO,331,488,461,11190.833,13,03/10/23,,Caesarea,10,0,10,"4018,"
255398,7350061083492,Ankarsrum 1500W 7L Kitchen Mixer AKM 6230 Mineral White 2300101 7350061083492 By DMGO,331,488,461,11190.833,13,03/10/23,,Caesarea,2,0,2,"4013,"
255399,7350061083485,Ankarsrum 1500W 7L Kitchen Mixer AKM 6230 Black 2300100 7350061083485 By DMGO,331,488,461,11190.833,13,03/10/23,,Caesarea,18,0,19,"4002,"
255400,7350061083553,Ankarsrum 1500W 7L Kitchen Mixer AKM 6230 Black Chrome 2300107 7350061083553 By DMGO,331,488,461,11190.833,13,03/10/23,,Caesarea,26,0,26,"4014,"
255401,7350061083539,Ankarsrum 1500W 7L Kitchen Mixer AKM 6230 Red 2300105 7350061083539 By DMGO,331,488,461,11190.833,13,03/10/23,,Caesarea,14,0,14,"4008,"
255402,7350061083577,Ankarsrum 1500W 7L Kitchen Mixer AKM 6230 Light Creme 2300109 7350061083577 By DMGO,331,488,461,11190.833,13,26/06/23,,Caesarea,11,0,11,"4005,"
255403,7350061083591,Ankarsrum 1500W 7L Kitchen Mixer AKM 6230 Jubilee Silver 2300114 7350061083591 By DMGO,331,488,461,11190.833,13,27/06/23,,Caesarea,14,0,14,"4009,"
255404,7350061083591,Ankarsrum 1500W 7L Kitchen Mixer AKM 6230 Glossy White 2300118 7350061085793 By DMGO,331,488,461,11190.833,13,03/10/23,,Caesarea,19,0,19,"4001,"
255774,7312791010650,Bona Premium Microfiber Floor Mop CA101065 7312791010650,40,1202,115,603,13,27/06/23,,Caesarea,1,0,1,"4019,"
255950,1201210000029,Sol Exclucive Digital Microwave 20L 700W Black SL-9830 1201210000029 By Shaulian,293,493,386,11810,13,26/06/23,,Caesarea,4,0,4,"4009,"
256078,4005176719721,Grohe Solido Compact 3-In-1 Set For WC Phantom Black 38811KF0 4005176719721,145,1150,520,13230,13,26/06/23,,Caesarea,4,0,5,"4003,"
256114,4549292205800,Canon Pixma G4470 All-in-One Printer Black 4549292205800,379,521,477,10505,13,26/06/23,,Caesarea,49,0,49,"4005,4031,"
256225,6941812703670,Xiaomi Robot Vacuum E10 White BHR6783EU 89541 6941812703670 - 2 Year Warranty By Hemilton,150,460,380,6162.5,13,26/06/23,,Caesarea,23,0,87,"4000,"
256707,3121040082539,Tefal IXEO Iron + Steam 2980W QT1510G0 3121040082539 By Newpan,160,210,200,1275,13,03/10/23,,Caesarea,4,0,4,"4003,4004,"
256723,4242005372256,Bosch Serie 6 Gas Stove FlameSelect Stainless Steel 5 Flames 75cm PCS7A5B95Y 4242005372256 - BSH,80,1300,700,1800,13,26/06/23,,Caesarea,38,0,38,"4010,"
256755,3138522114992,Coleman Performance Hard Cooler 28L With Handles Blue/ Black 2000036083 3138522114992,280,420,380,2460,13,27/06/23,,Caesarea,15,0,14,"4001,4002,"
256756,3138522115005,Coleman Performance  Hard Cooler 56L With Wheels Blue/ Black 2000036084 3138522115005,152,327,248,1227.5,13,27/06/23,,Caesarea,3,0,3,"4004,"
256768,4001702027728,Bruder MAN TGA Rear Loading Dump Truck 530-2772 4001702027728,190,860,280,3090,13,26/06/23,,Caesarea,3,0,3,"4018,"
256772,4001702036553,Bruder MB Arocs Cement Mixer 530-3655 4001702036553,172,478,227,1385.769,13,26/06/23,,Caesarea,9,0,9,"4010,"
256775,4001702037666,Bruder MAN TGS Tipper Truck 530-3766 4001702037666,196,698,275,2875,13,27/06/23,,Caesarea,1,0,1,"4026,"
256777,4001702037710,Bruder Man TGS LKU 6x4 Crane BRU3771 530-3771 4001702037710,179,522,230,1529.75,13,26/06/23,,Caesarea,1,0,1,"4027,"
256912,088381762670,Makita LXT 18V XPT Cordless Grass Trimmer (Body Only) 260mm DUR193Z 088381762670,240,910,250,5920,13,26/06/23,,Caesarea,5,0,5,"4009,"
257212,8806084118547,LG 27BN65QP-B QHD IPS FreeSync 27 Inch 2XHDMI DP Black Monitor 8806084118547,186,688,478,9010,13,26/06/23,,Caesarea,10,0,10,"4016,"
257231,7291057108211,Hunter Vacuum Cleaner Wet And Dry Air Blowing 1200W 102201-009 7291057108211,395,555,430,9665,13,26/06/23,,Caesarea,39,0,36,"4012,"
257258,8008984855212,Stiga 20V Hedge Trimmer HT 100E Kit + 2.0Ah Battery + Charger 50095 8008984855212,168,864,202,3630.417,13,27/06/23,,Caesarea,1,0,1,"4026,"
257260,8008984852105,Stiga 20V Lawn Mower Collector 140E Kit 38cm + 2x4.0Ah Battery 50089 8008984852105,351,715,415,13423.571,13,27/06/23,,Caesarea,1,0,1,"4021,"
257261,606184271771,Jasper Electric Telescopic Height Saw 2 Units 710W JPS-710E 50350 606184271771,213,550,268,5155,13,27/06/23,,Caesarea,1,0,1,"4017,"
257267,652182742836 652182747268,Britax Grow With You Convertible Car Seat Safe Wash Mod Black 2742836 652182742836/652182747268,460,722,504,13349,13,26/06/23,,Caesarea,10,0,9,"4001,"
257269,8008984853843,Stiga Experience Petrol Brushcutter BC 535 50281 8008984853843,135,665,212,3459.375,13,27/06/23,,Caesarea,2,0,2,"4025,"
257271,8008984852082,Stiga 20V Lawn Mower Collector 132E Kit 30cm + 4.0Ah Battery + Charger 50087 8008984852082,351,715,415,13423.571,13,27/06/23,,Caesarea,1,0,1,"4009,"
257272,8008984852099,Stiga 20V Lawn Mower Collector 136E Kit 34cm + 2x2.0Ah Battery 50088 8008984852099,351,715,415,13423.571,13,27/06/23,,Caesarea,1,1,1,"4005,"
257297,606184271726,Jasper Electric Broom For Synthetic Grass 1600W JSW-1600E 55789 606184271726,320,513,376,9385,13,27/06/23,,Caesarea,3,0,0,"4001,"
257325,4939761311642,RICOH Image Scanner SP-1130N PA03811-B021 4939761311642,100,100,100,1000,13,10/12/23,,Caesarea,5,0,5,"4026,"
257339,5028695119819,NEC MultiSync E243F LCD 24 Inch Enterprise Display White 60005204 5028695119819,153,600,386,7575,13,27/06/23,EOL,Caesarea,2,0,2,"4020,"
257881,5397184656945,Dell Alienware AW2723DF QHD IPS 27 Inch Gaming  Monitor 240Hz 2xHDMI DP G-Sync 5397184656945,145,801,437,9096.111,13,26/06/23,,Caesarea,1,0,0,"4015,"
258079,,Asus ROG Strix XG32UQ Gaming Monitor 32 Inch IPS  UHD 160Hz 1Ms 2xHDMI DP 2xUSB 90LM08B0-B01170,176,890,536,12938.333,13,27/06/23,,Caesarea,4,0,4,"4016,"
258793,191856081234,Tender Leaf Cottontail Cottage TL8123 191856081234,100,270,210,1075,13,26/06/23,,Caesarea,1,0,1,"4022,"
258804,3138522118808,Coleman Xtreme Wheeled Hard Cooler Blue 95L 2000037216 3138522118808,178,360,289,2670,13,06/07/23,,Caesarea,1,0,1,"4002,"
258851,191856084617,Tender Leaf Sunshine Baby Activity Walker TL8461 191856084617,120,420,290,3620,13,27/06/23,,Caesarea,1,0,1,"4020,"
258913,7291044128178,Eco Euro Industrial Fan 3 In 1 HAFA-1831E 7291044128178,140,690,560,7815,13,27/06/23,,Caesarea,70,0,73,"4013,4014,"
259044,,Samsung S32BG650EM Curved Smart Gaming Monitor VA QHD 31.5 Inch 1ms 240Hz DP 2xHDMI 2xUSB,165,806,473,9228,13,26/06/23,,Caesarea,9,0,10,"4016,"
259045,,Samsung S27BG650EM Curved Smart Gaming Monitor VA QHD 27 Inch 1ms 240Hz DP 2xHDMI 2xUSB,158,681,420,6973.875,13,26/06/23,,Caesarea,9,0,9,"4015,"
259818,7290114721752,Fujicom Induction Hob Multizone With 4 Heat Surface Black Glass FJ-IDZ150 7290114721752 FUJI,115,699,582,10881.5,13,03/10/23,,Caesarea,1,0,1,"4020,"
260142,7290111431234,Bali Toys Disney Winnie the Pooh Activity Mat B-4201 7290111431234,72,663,368,1435,13,03/10/23,,Caesarea,25,0,25,"4004,"
260152,075536306209,Lodge Wildlife Cast Iron Pots And Pans Set 5Pcs L5WLSETA 075536306209,182,523,302,6202.167,13,03/07/23,,Caesarea,1,0,1,"4022,"
260408,4242002812090,Bosch VitaJuice 2 1.25L Centrifugal Juicer 700W White/Cherry MES25C0 4242002812090 - 2Y Warranty BSH,230,450,250,3960,13,27/06/23,,Caesarea,2,0,2,"4005,"
260435,7891112210394,Tramontina Barbecue Skewer 85cm 26418/085 7891112210394,33,302,102,306.25,13,03/07/23,,Caesarea,1,0,1,"4023,"
260436,7891112215795,Tramontina Barbecue Skewer 65cm 29810/126 7891112215795,22,339,86,243.333,13,03/07/23,,Caesarea,18,0,18,"4023,"
260439,7891112214330,Tramontina Barbecue Skewer 75cm 29810/127 7891112214330,22,339,86,243.333,13,03/07/23,,Caesarea,2,0,2,"4022,"
260440,7891112299023,Tramontina Churrasco Black Stainless Steel Grill Grate 44.2X74.1cm 26494/000 7891112299023,33,620,256,580,13,03/07/23,,Caesarea,1,0,1,"4018,"
260838,7290017804897,Venta Hawaii 52 Inch 3 Wings Ceiling Fan 22W CCT RC White + Wood 355299550 7290017804897,225,625,285,7595,13,03/07/23,,Caesarea,2,0,2,"4021,"
260840,7290017804880,Venta Hawaii 52 Inch 3 Wings Ceiling Fan 22W CCT RC White 350099552 7290017804880,225,625,285,7595,13,06/07/23,,Caesarea,5,0,4,"4021,"
260975,889698673914,Funko POP! Albums: DLX: U2 - POP 46 889698673914,10,100,100,100,13,06/07/23,END,Caesarea,1,0,1,"4018,"
261072,6921234600030,Penguin Braided Changing Mat Peach Penguins 6921234600030,180,550,510,1845,13,03/10/23,,Caesarea,2,0,2,"4027,"
261154,,MSI G321Q WQHD 170Hz 31.5 Inch 2xHDMI DP G-Sync Gaming Monitor 9S6-3DB91A-036,230,880,550,11845,13,03/07/23,,Caesarea,45,0,43,"4016,"
261347,,Asus TUF Gaming Monitor VG246H1A 23.8 Inch IPS FHD 0.5ms 100Hz 2xHDM 90LM08F0-B01170,173,606,446,5978.333,13,06/07/23,,Caesarea,1,0,1,"4015,"
261620,7290118590156,Star 4 Pro 44 Inch Ceiling Fan With Light And Remote Black 7290118590156 3409,226,630,250,6594,13,06/07/23,,Caesarea,15,0,15,"4001,"
261621,7290118590132,Star 4 Pro 44 Inch Ceiling Fan With Light And Remote White 7290118590132 3408,226,630,250,6594,13,06/07/23,,Caesarea,2,0,0,"4010,"
261623,7290118590149,Star 4 Pro 44 Inch Ceiling Fan With Light Black 7290118590149 3407,210,614,232,7005,13,06/07/23,,Caesarea,8,0,8,"4001,"
261650,193052050847,X-Shot Insanity - Mad Mega Barrel 72 Darts 6483X 193052050847,42,377,146,780,13,03/10/23,,Caesarea,10,0,9,"4011,"
261727,,Samsung S34C500GAM Gaming Monitor VA UWQHD 34 Inch 5ms 100Hz DP 2xHDMI,205,885,435,8935,13,03/10/23,,Caesarea,24,0,24,"4015,"
261919,,Milwaukee Fuel Dublin Packout 4th Gen - Tool Box Organizer And Trolley 4933471152 XXXX - By Delco,365,665,437,20990,13,03/10/23,,Caesarea,5,0,4,"4006,"
262030,4023103194625,Vileda Wipe And Dry Floor Wiper 42cm 4023103194625 - Jacobi,1,593,7,985,13,03/10/23,,Caesarea,1,5,6,"4018,"
262227,2060107,Huliot Set 9 Compartments Organizer Blue Handle G2 2060107 BY L.C LTD,137,608,188,2170,13,03/10/23,,Caesarea,2,0,2,"4028,"
262257,193052024282,Zuru Metal Machine 4 Lane Gorilla Attack 5828H 193052024282,112,438,296,1251,13,03/10/23,END,Caesarea,3,0,3,"4021,"
262258,193052030801,Zuru Metal Machine Spider Strike 5829H 193052030801,112,438,296,1251,13,03/10/23,END,Caesarea,1,0,1,"4022,"
262373,,Tripp Lite Rolling Desk TV/Monitor Cart - Height Adjustable  WWSSRC XXXXXX,89,379,277,1046.667,13,03/10/23,,Caesarea,1,0,1,"4005,"
262549,10072489750346,Head Reset 4B 6DZ Tennis Balls 18 Boxes Of 4 Pcs (72 Total) 575034 10072489750346,230,490,340,6860,13,03/10/23,END,Caesarea,1,0,1,"4027,"
262568,011120268546,Bissell Crosswave X7 Plus Cordless Pet Pro Multi-Surface Clean P/N: 3400N 011120268546 Hemilton 4224,290,620,320,8910,13,03/10/23,EOL,Caesarea,7,0,11,"4014,"
262621,,Asus TUF VG34VQEL1A Gaming Monitor 34 Inch Curved VA UWQHD 1ms 100Hz DP 2xHDMI 3xUSB 90LM06F0-B01E70,197,947,501,10655.714,13,03/10/23,,Caesarea,1,0,1,"4016,"
262914,7290118681069,Kasco Go-Thru Pry Bar Set CR-V 4Pcs K-250100 7290118681069,37,317,209,762.917,13,03/10/23,,Caesarea,1,0,1,"4027,"
263007,7290018951002,Caesar Quebracho Blanco Charcoal 5Kg CD008386 7290018951002,140,370,340,5300,13,03/10/23,,Caesarea,6,0,6,"4027,"
263305,5350555027881,Nuvita Automatic Pressure Safety Gate 5350555027881,44,698,399,3121.897,13,03/10/23,,Caesarea,10,0,9,"4011,"
263306,5350555027966,Nuvita 20cm Extension For Automatic Pressure Safety Gate 5350555027966,44,698,399,3121.897,13,03/10/23,,Caesarea,4,0,4,"4018,"
263843,9780201410853,I-CAMP Trolley Wheeled Hard Cooler 52L Black 93535 9780201410853,253,438,349,3838.871,13,03/10/23,,Caesarea,6,0,5,"4014,"
263927,,Samsung Essential Curved Monitor S3 S36C S24C360EAM VA 24 Inch 4ms 75Hz VGA HDMI Black,167,604,373,4300,13,03/10/23,,Caesarea,17,10,30,"4016,"
264242,9312742921613,Dreambaby Liberty Security Gate With Smart Stay-Open Feature - Charcoal DRG-F2161BB 9312742921613,63,814,682,5911.429,13,03/10/23,END,Caesarea,1,0,1,"4020,"
264258,,Lenovo L24m-40 FHD IPS 23.8 Inch FreeSync HDMI USB Type-C WideScreen Gray 67A9UAC3IS,130,610,396,5500,13,03/10/23,EOL,Caesarea,28,0,29,"4013,"
264370,4242003905036,Siemens EQ.900 Automatic Espresso Machine TQ907R05 4242003905036 - 2Y Warranty BSH,327,477,405,10478.75,13,03/10/23,,Caesarea,1,0,2,"4026,"
264390,7297476792413,Minene Toilet Ladder Seat - Pink 13310007650OS 7297476792413,122,381,325,823.333,13,03/10/23,,Caesarea,1,0,0,"4022,"
265395,7290109764320,Climex Premium Folding Chair Light Metal CL-406 7290109764320,159,782,560,5210,13,03/10/23,,Caesarea,1,0,1,"4006,"
265578,,Lenovo Legion Y34wz-30 165Hz 1ms VA 34 Inch WQHD DP 2xHDMI USB-C Free-Sync Monitor 67B0UAC1IS,190,1065,520,11585,13,03/10/23,,Caesarea,6,0,6,"4010,"
265614,6903486560003,Best Wheels Racing Super Sport Car 1:10 Red RC 8656 6903486560003,158,367,207,943.705,13,03/10/23,,Caesarea,1,0,0,"4021,"
265616,6903486560003,Best Wheels Racing Super Sport Car 1:10 Green RC 8656 6903486560003,158,367,207,943.705,13,03/10/23,END,Caesarea,3,0,3,"4019,"
265738,,Ankarsrum 1500W 7L Kitchen Mixer AKM 6230 Forest Green 2301220 7350061086769 By DMGO,331,488,461,11190.833,13,03/10/23,,Caesarea,9,0,9,"4010,"
265762,7350061083546,Ankarsrum 1500W 7L Kitchen Mixer AKM 6230 Creme 2300106 7350061083546 By DMGO,331,488,461,11190.833,13,03/10/23,,Caesarea,17,0,17,"4014,"
265777,6904024000005,Best Wheels Amphibious Jeep Crawler 4x4 Light Red RC 2400 6904024000005,158,367,207,943.705,13,03/10/23,,Caesarea,1,0,1,"4018,"
265808,055350650061,Leo Rider 3 Wheel Foldable Scooter with Lights Green 60006G 055350650061,135,622,271,3527.247,13,03/10/23,,Caesarea,4,0,4,"4018,"
265863,0761345810210,Antec NX200M RGB M-ATX Mini Tower Black Case (No PSU) 0-761345-81021-0,290,500,420,6325,13,03/10/23,,Caesarea,48,0,50,"4004,"
265942,,MSI G32C4X Curved FHD 250Hz 31.5 Inch 2xHDMI DP Gaming Monitor 9S6-3DA61T-049,230,880,550,11845,13,03/10/23,,Caesarea,46,0,45,"4016,"
265977,,Samsung S34C650VAM Curved Gaming Monitor VA UWQHD 34 Inch 5ms 100Hz DP HDMI USB-C Black,205,885,435,8935,13,03/10/23,,Caesarea,8,0,7,"4013,"
266082,752356831448,PowerXl Multi Cooker 6L 1300W/1450W 12 Programs MFC-AF-6-IS 752356831448,360,390,380,8345,13,03/10/23,,Caesarea,6,0,7,"4013,"
266115,6973734683013,Dreame H12 Dual Wet and Dry Vacuum Cleaner Black 6973734683013 - 2 Years Warranty by Cristalino,303,695,325,10262.5,13,03/10/23,,Caesarea,71,0,123,"4001,4002,"
266139,8806084657121,LG 27GR93U-B UltraGear 4K UHD IPS G-Sync 144hz 27 Inch HDMI DP Gaming Monitor Black 8806084657121,183,687,481,8967.222,13,03/10/23,,Caesarea,3,0,3,"4015,"
266315,7291044097597,Hyundai 1600W Toaster Oven 38L Black HATO-380B 7291044097597,411,561,428,11870,13,03/10/23,,Caesarea,4,0,3,"4009,"
266358,686268624648,Qplay Tech Balance Bicycle Red 62464 686268624648,180,610,250,4490,13,03/10/23,,Caesarea,5,0,4,"4028,"
266379,4897033965958,Scoot and Ride My First 3 in 1 Baby Walker - Steel 96595 4897033965958,190,462,350,2140,13,03/10/23,,Caesarea,2,0,0,"4028,"
266384,055350600219 055350640215 55350600219,Leo Graffiti 3 Wheel Foldable Scooter - Red 60021R 055350600219 / 055350640215 / 55350640215,135,622,271,3527.247,13,03/10/23,,Caesarea,12,0,13,"4018,"
266418,8008984843325,Stiga Electric Chainsaw 14 Inch 1800W SE1835Q 50388 8008984843325,213,550,268,5155,13,03/10/23,,Caesarea,1,0,1,"4025,"
266839,037332248855,Tripp Lite Mobile TV Mount Cart With Locking Casters Up To 42 Inch DMC1342S 037332248855,30,286,160,703.333,13,03/10/23,,Caesarea,1,0,1,"4028,"
266967,4549292219470,Canon Pixma G3416 Ink Tank AIO Printer g3416eum 4549292219470,255,527,450,10873,13,03/10/23,,Caesarea,28,0,30,"4031,"
267025,7290018083888,Mag Gaming LED MZ32FY FHD VA Monitor 31.5 Inch 2ms 165Hz HDMI Black 7290018083888,194,851,522,10612.059,13,03/10/23,END,Caesarea,2,0,2,"4016,"
267077,4023103199200,Vileda 1-2 Spray Max Mop Regular Pack 4023103199200 - Jacobi,105,583,169,1750,13,03/10/23,,Caesarea,61,4,65,"4004,"
267150,7290117923726,Liper 60W Round Water Protected Ceiling Adjacent RC CCT Black LIP-RD-SM-60W-IP65-B+RC 7290117923726,55,257,250,521.25,13,03/10/23,,Caesarea,4,0,3,"4026,"
267260,6976233671239,Dreame Bot L20 Ultra Robot LDS Vacuum & Mop White 6976233671239 - 2 Years Warranty by Cristalino,305,485,425,11771.25,13,03/10/23,,Caesarea,28,0,40,"4002,4010,4012,"
267320,7290117622766,Thrustmaster T818 Racing Wheel Base Adapter Cockpit Mounting Kit For PC 2960877 7290117622766 - EOL,340,540,390,10760,13,03/10/23,EOL,Caesarea,1,0,1,"4024,"
267321,3362932915935 7290117622759,Thrustmaster T818 Racing Wheel Base Adapter Desk Mounting Kit For PC 2960877 3362932915935,340,540,390,10760,13,03/10/23,,Caesarea,1,0,1,"4017,"
267533,6975052190273,Hizero F100 Cordless All in One Bionic Hard Floor Cleaner White  6975052190273,180,930,370,8895,13,03/10/23,,Caesarea,131,0,136,"4031,"
267534,6975052190259,Hizero F100 Cordless All in One Bionic Hard Floor Cleaner Black 6975052190259,184,867,403,9000,13,03/10/23,,Caesarea,86,0,90,"4000,"
267535,6975052190266,Hizero F100 Cordless All in One Bionic Hard Floor Cleaner Green 6975052190266,184,867,403,9000,13,03/10/23,,Caesarea,30,0,34,"4002,"
267536,6975052190280,Hizero F100 Cordless All in One Bionic Hard Floor Cleaner Yellow 6975052190280,184,867,403,9000,13,03/10/23,,Caesarea,4,0,7,"4002,"
267669,4001702035914,Bruder Scania Super 560R Fire Engine with Water Pump 530-3591 4001702035914,178,517,256,1562.273,13,03/10/23,,Caesarea,1,0,1,"4019,"
268283,5054131057087,Epoch Sylvanian Families - Red Roof Country Home 55505708 5054131057087,99,230,210,550,13,03/10/23,,Caesarea,1,0,0,"4022,"
268490,4895224408482,Globber GO Bike Balance Bike Blue 4895224408482,150,605,240,3470,13,03/10/23,,Caesarea,1,4,4,"4020,"
268491,4895224408499,Globber GO Bike Balance Bike Red 4895224408499,150,605,240,3470,13,03/10/23,,Caesarea,3,0,3,"4020,"
268492,4895224408512,Globber GO Bike Balance Bike Neon Pink 4895224408512,150,605,240,3470,13,03/10/23,,Caesarea,1,4,5,"4021,"
268661,4010951741255 4010951748421,Ikra ILS 3000E Electric Leaf Blower And Vacuum 3000W 61906290 4010951748421,191,805,231,4500,13,03/10/23,,Caesarea,2,0,2,"4001,"
269404,1729,BETO Steel Floor Pump With Large Analog Air Pressure CMP-172SG9,85,510,175,495,13,03/10/23,,Caesarea,1,0,0,"4025,"
269405,1607,BETO Steel Floor Pump With Analog Air Pressure CMP-160SG7,35,230,90,120,13,03/10/23,,Caesarea,1,0,1,"4018,"
269415,6939962622217,Midea Built In Gas Hob 5 Flames 75CM Black Glass Finish DEFENDI75 GP503-B 6738 6939962622217,170,820,600,14945,13,03/10/23,,Caesarea,3,0,3,"4022,"
269418,6939962622590,Midea Built In Gas Hob 4 Flames 60CM Black Glass Finish DEFENDI60 GH503-B 6737 6939962622590,165,660,585,12635,13,03/10/23,,Caesarea,1,0,1,"4017,"
269424,191856076032,Mentari Wooden Poppets Dolls House MT7603 191856076032,140,600,380,7495,13,10/12/23,,Caesarea,1,0,1,"4021,"
269425,191856076025,Mentari Wooden Willow Dolls House MT7602 191856076025,115,530,385,5735,13,10/12/23,,Caesarea,17,0,17,"4005,"
269450,191856079439,Mentari Wooden Carpenters Workshop MT7943 191856079439,47,302,200,410,13,10/12/23,,Caesarea,12,0,13,"4001,"
269781,,MSI Modern MD272XP FHD 100Hz 27 Inch HDMI DP USB-C Monitor 9S6-3PB19H-236,167,800,457,7766.778,13,03/10/23,,Caesarea,30,0,30,"4015,4016,"
269786,,MSI Modern MD2412PW FHD 100Hz 23.8 Inch HDMI USB-C Monitor 9S6-3PA59H-092,151,702,405,5775,13,03/10/23,,Caesarea,3,0,9,"4016,"
269832,,Corsair 3000D AIRFLOW RGB Tempered Glass Mid Tower ATX Case White No PSU (CC-9011256-WW),311,521,504,8820,13,03/10/23,,Caesarea,9,25,35,"4006,"
269833,6946499312177,Jimmy Handheld Cordless Vacuum Cleaner H10 Flex 6946499312177 - 2 Years Warranty By Ronlight,210,690,282,5995.714,13,03/10/23,,Caesarea,1,0,7,"4001,"
270311,,Lenovo Legion R25i-30 165Hz WLED IPS 24.5 Inch 2xHDMI DP AMD FreeSync Gaming Monitor 67B7GACBIS,216,692,442,0,13,03/10/23,,Caesarea,38,0,41,"4015,"
270312,,Lenovo Legion R25f-30 240Hz WLED VA 24.5 Inch 2xHDMI DP AMD FreeSync Gaming Monitor 67B8GACBIS,216,692,442,0,13,03/10/23,,Caesarea,8,0,9,"4016,"
270345,8806084836885,LG 27UQ750-W UHD VA HDR FreeSync 27 Inch 2xHDMI DP USB Type-C Silver Monitor 8806084836885,183,687,481,8967.222,13,10/12/23,,Caesarea,6,0,6,"4016,"
270762,4000984708073,BabySafe Simply S Baby Playpen Gray 5582 4000984708073,205,775,215,7082.5,13,10/12/23,,Caesarea,21,25,44,"4003,4004,"
270787,011120259568 011120260717,Bissell Crosswave Cordless Max Wet & Dry Multi-Surface Cleaner P/N: 2767N 011120259568 Hemilton 4225,290,620,320,8910,13,10/12/23,EOL,Caesarea,22,0,25,"4003,"
271109,3760033531489,Arturia Keystep Pro Control Keyboard White 3760033531489,81,580,216,2035.625,13,10/12/23,,Caesarea,2,0,2,"4019,"
271112,3760033531823,Arturia KeyLab Essential 49 MK3 Control Keyboard White 3760033531823,81,580,216,2035.625,13,10/12/23,,Caesarea,5,0,5,"4005,"
271113,3760033531830,Arturia KeyLab Essential 61 MK3 Control Keyboard White 3760033531830,81,580,216,2035.625,13,10/12/23,,Caesarea,7,0,9,"4004,"
271342,4030152028078,HP Paper Shredder OneShred 24CC 30L Cross cut 680W 17500204 4030152028078,300,500,400,13830,13,10/12/23,,Caesarea,1,0,1,"4014,"
271513,7291044132304,Hyundai 3000W Double Ceramic Stove HAP-102-C6SW 7291044132304,114,520,334,3925,13,10/12/23,,Caesarea,17,0,18,"4019,"
271803,7291057103407,Hunter Wet/Dry/blower Vacuum Cleaner 1200W 30L 102201-007 7291057103407,370,780,400,11495,13,10/12/23,,Caesarea,2,0,2,"4028,"
271804,7291057094682,Hunter Automatic Wet/Dry Vacuum Cleaner 1600W 102201-005 7291057094682,370,780,400,11495,13,10/12/23,,Caesarea,2,0,2,"4021,"
271809,4061792230743,Metabo ASA 30 L PC Wet/Dry Vacuum Cleaner 1200W 30L 602086000 4061792230743 97-D4M9-796618,370,780,400,11495,13,10/12/23,,Caesarea,3,0,3,"4025,"
271810,,Metabo AS 20 L PC Wet/Dry Vacuum Cleaner 1200W 20L 602083000 4061792230675 97-D4M9-796632,390,590,400,8940,13,10/12/23,,Caesarea,1,0,1,"4019,"
271811,4061792218307,Metabo KGS 305 M Mitre Saw 1600W 613305000 4061792218307 97-D4M9-796878,455,771,510,22811.667,13,10/12/23,,Caesarea,2,0,2,"4014,"
271812,4061792218178,Metabo KS 216 M Mitre Saw 1100W 610216000 4061792218178 97-D4M9-796915,346,487,415,13375,13,10/12/23,,Caesarea,1,0,0,"4024,"
271813,4061792218185,Metabo KGS 216 M Mitre Crosscut Saw 1200W 613216000 4061792218185 97-D4M9-796908,340,810,480,16820,13,10/12/23,,Caesarea,3,0,3,"4012,"
271814,4061792218192,Metabo KGS 254 M Mitre Crosscut Saw 1450W 613254000 4061792218192 97-D4M9-796885,455,771,510,22811.667,13,10/12/23,,Caesarea,3,0,3,"4007,"
271912,7290019526476,Hemilton Toaster Oven 38L 1440W Black HEM-1162 7290019526476,411,561,428,11870,13,10/12/23,,Caesarea,4,0,4,"4012,"
272544,,Asus VP32UQ Eye Care Monitor 32 Inch IPS UHD 4ms DP HDMI Black 90LM06S0-B01E70,235,807,632,11287.5,13,10/12/23,,Caesarea,7,0,7,"4016,"
272807,,MSI PRO MP251 FHD 100Hz 24.5 Inch VGA HDMI Monitor 9S6-3PC2CM-026,221,656,440,6778,13,10/12/23,,Caesarea,103,0,110,"4016,4031,"
273191,729001971800 7290019718000,Mag Widescreen G27IPS FHD IPS Antiglare Monitor 27 Inch 2ms 100Hz HDMI VGA Black 7290019718000,165,685,561,6345,13,10/12/23,,Caesarea,10,0,10,"4015,"
273265,,Dell P2424HT FHD IPS 24 Inch HDMI DP 5xUSB Black Touch Monitor 5397184821367,136,672,407,7154.545,13,10/12/23,,Caesarea,5,0,5,"4031,"
273585,7330117152051,Audio Pro Wireless Multiroom WiFi Speaker With BT & Airplay2 & Chromecast C10 Mkll Gry 7330117152051,230,325,235,3500,13,10/12/23,END,Caesarea,1,0,1,"4020,"
273587,7330117152013,Audio Pro Wireless Multiroom WiFi Speaker With BT & Airplay2 & Chromecast C10 Mkll Wht 7330117152013,230,325,235,3500,13,10/12/23,END,Caesarea,1,0,1,"4025,"
273728,679523120429,Yamayo Catch Me If You Can Foldable Kids Scooter Blue YSB-200 679523120429 EOL,135,622,271,3527.247,13,10/12/23,EOL,Caesarea,4,0,3,"4014,"
273936,4573211159226 4573211159233,Pioneer 9.2 Channel 8k HDR10 AV Receiver with Bluetooth VSX-LX305 Slv 4573211159226 Official,229,517,381,9670,13,10/12/23,,Caesarea,1,0,1,"4017,"
273938,4573211154931 889951003724,Pioneer 11.4 Channel 8k HDR10 AV Receiver with Bluetooth VSX-LX805 4573211154931 Official,229,517,381,9670,13,10/12/23,END,Caesarea,1,0,1,"4025,"
274015,,Asus VA27EHF Eye Care Monitor 27 Inch IPS  FHD 100Hz HDMI 90LM0550-B04170 / 90LM0550-B021R0,181,690,457,7892.692,13,10/12/23,,Caesarea,129,0,123,"4016,4028,"
274090,,Yamaha 61 Keys Portable Keyboard PSR-E273 by Bruhim,97,580,271,2780.458,13,10/12/23,,Caesarea,4,0,4,"4002,"
274091,,Yamaha 61 Keys Portable Keyboard PSR-E373 by Bruhim,97,580,271,2780.458,13,10/12/23,,Caesarea,4,0,4,"4001,"
274092,,Yamaha 61 Keys Portable Keyboard PSR-E473 by Bruhim,97,580,271,2780.458,13,10/12/23,,Caesarea,4,0,6,"4014,"
280861,7332543836611,Electrolux Mechanical Microwave 20L 800W White EMM20K18GW 7332543836611 - 1Y By Miniline,285,496,368,11303.75,13,10/12/23,,Caesarea,10,0,9,"4001,"
280882,4242003926864,Siemens EQ.300 Automatic Espresso Machine TF301E19 4242003926864 -2Y Warranty BSH,327,477,405,10478.75,13,10/12/23,,Caesarea,4,0,5,"4002,"
280950,,Corsair 3000D AIRFLOW RGB Tempered Glass Mid Tower ATX Case Black No PSU (CC-9011255-WW),311,521,504,8820,13,10/12/23,,Caesarea,92,85,175,"4007,4008,4009,"
280963,7290019406433,Gold Line 2000W Toaster Oven 42L Cream ATL-6642C 7290019406433,360,640,500,11195,13,10/12/23,,Caesarea,5,0,4,"4001,"
280964,7290019406457,Gold Line 2000W Toaster Oven 42L Black ATL-6642B 7290019406457,360,640,500,11195,13,10/12/23,,Caesarea,2,0,2,"4004,"
281197,4549292213287,Canon Pixma G3430 Ink Tank AIO Printer g3430eum Black 4549292213287,255,527,450,10873,13,10/12/23,,Caesarea,64,0,63,"4001,4008,4031,"
281831,7290117622704,Brateck Steel Throw Projector Wall Mount Up To 15kg / 92-151cm  PRB-21L 7290117622704,90,770,180,3715,13,10/12/23,,Caesarea,1,0,1,"4021,"
281897,6934177776823,Xiaomi Robot Vacuum S10T Black BHR5887EU 81063 6934177776823 - 2 Year Warranty By Hemilton,144,452,377,5838,13,10/12/23,,Caesarea,5,0,16,"4006,"
281905,,MSI MPG GUNGNIR 300R AIRFLOW Mid Tower Black Case No PSU 306-7G21R21-W57,306,575,540,9453.333,13,10/12/23,,Caesarea,11,0,12,"4002,"
281906,,MSI MPG GUNGNIR 300R AIRFLOW Mid Tower White Case No PSU 306-7G21W21-W57,306,575,540,9453.333,13,10/12/23,,Caesarea,18,0,18,"4007,"
282647,711719577171,Sony PlayStation 5 Slim 1TB SSD White With Controller CFI-2016A 711719577171 ISFAR,182,451,421,6486.25,13,10/12/23,,Caesarea,239,0,305,"4003,4004,4005,4014,"
282683,8720389016431,Philips 800 Series Coffee Machine 2xBeverage Matte Black 576784 EP0820/00 8720389016431,285,480,463,10692.273,13,10/12/23,,Caesarea,52,0,68,"4011,4012,"
282798,,Samsung S49CG954EM Curved VA Gaming Monitor DQHD 49 Inch 1ms 240Hz DP 2xHDMI 2xUSB,290,1330,485,19485,13,10/12/23,,Caesarea,5,0,5,"4016,"
282940,196548542833,HP Deskjet 4220 Wireless All-in-One Printer (54R37B) 196548542833,262,468,353,7761.667,13,10/12/23,,Caesarea,140,100,271,"4002,4006,4013,4031,"
32970,095205863048,Xerox 3020BI Laser Printer,385,555,500,20875,13,26/06/23,,Caesarea,40,0,46,"4002,"
36817,7291044052886,Hyundai Vacuum Cleaner Cyclone Red 1800W HAV-3060 7291044052886,314,506,347,7530,13,10/12/23,,Caesarea,3,0,3,"4004,"
37728,7290001895887,Gold Line Medium Hot Plate ATL-300 7290001895887,75,485,375,3060,13,10/12/23,,Caesarea,4,0,4,"4019,"
40583,7291044050868,Hyundai Rice Steaming Pot 900W 1.8L HARC-05MD1 7291044050868,230,280,280,2820,13,26/06/23,,Caesarea,38,0,45,"4003,4017,"
41208,7290011389642,Sachs Built In 4 Gas Hob 60m Turbo Cast Iron Black Glass EF-560GB-2 7290011389642,160,630,580,11560,13,26/06/23,,Caesarea,4,0,4,"4017,"
44066,6925781424354,Aurora Paper Shredder Flakes 16L AS1219CE 6925781424354,197,364,313,4750,13,26/06/23,,Caesarea,10,0,10,"4004,"
44616,7290011882594 7290013025685,Sachs Built In 4 Gas Hob 58X50Cm Turbo Nirosta EF-560SR 7290013025685 / 7290011882594,160,630,580,11560,13,26/06/23,,Caesarea,3,0,3,"4004,"
44785,7290005487682,Blue Star 16 Inch Standing Fan + Timer TFS601 7290005487682 111,160,542,436,6470,13,27/06/23,,Caesarea,1,0,0,"4003,"
44800,7290011286248,Blue Star 16 Inch Cyclone  Floor Fan + Aromatic Clip 15640 Grey 7290011286248 119,186,560,490,3636.667,13,27/06/23,,Caesarea,3,0,1,"4011,"
46619,7290015521765,Sachs Wet Dry Barrel Vacuum Cleaner 1200W HEPA Filter EF-948 7290015521765,365,540,437,10898.75,13,27/06/23,,Caesarea,3,0,3,"4013,"
60605,5056186701847,REGA Planar 1 PL1 Black Turntable With Cartridge Carbon 5056186701847,185,535,440,6322.5,13,26/06/23,,Caesarea,1,0,2,"4027,"
60712,5056186702240,REGA Planar 2 PL2 White Turntable With Cartridge Carbon 5056186702240,185,535,440,6322.5,13,26/06/23,END,Caesarea,1,0,2,"4020,"
61224,6921850625394,Omega Professional Mosquito Killer 2*20W IK219 6921850625394,70,100,100,120,13,26/06/23,,Caesarea,2,0,2,"4018,"
62097,6943478018402,Hape Doll Family Mansion 123405 6943478018402,90,270,190,600,13,03/07/23,,Caesarea,4,0,4,"4019,"
63544,7291057089503,Hunter Platform Trolley Aluminum 150 Kg 112514-004 7291057089503,112,784,416,8180,13,03/10/23,,Caesarea,4,0,5,"4023,"
65180,029743452440,Excalibur Food Dehydrator 9 Trays 4948CDHB 029743452440 019-01009,230,347,281,1500,13,27/06/23,,Caesarea,6,0,5,"4014,"
65368,7290011879280,Gold Line Designed Rotary Fan ATL-013 7290011879280,195,525,475,3322.5,13,27/06/23,,Caesarea,6,0,5,"4003,"
65369,7290010483648,Gold Line Adjustable Rotary Fan ATL-016 7290010483648,186,560,490,3636.667,13,27/06/23,,Caesarea,8,0,9,"4001,"
65386,7290001894651,Gold Line 16 Inch Fan With Remote ATL-1906-16WRC 7290001894651,180,490,436,3353.333,13,27/06/23,,Caesarea,34,0,34,"4007,"
66046,4511890212528,Urban Iki Windscreen Green 4511890212528 EOL,60,170,100,535,13,26/06/23,EOL,Caesarea,1,0,1,"4019,"
66048,4511890212665,Urban Iki Front Seat Ta-ke With Compact Adapter Bincho Black IKI212665 4511890212665,160,640,315,3017.5,13,03/10/23,,Caesarea,2,0,2,"4020,"
66060,4511890214003,Urban Iki Rear Seat Ta-ke Frame Mounting Aotake Mint Blue IKI214003 4511890214003,232,537,367,4766.25,13,03/10/23,,Caesarea,1,0,1,"4028,"
68481,3165140888059,Bosch Universal Hedge Pole 18 18V Cordless Hedgecutter - Body (0 600 8B3 001) 3165140888059 08B3.001,162,865,194,3611,13,26/06/23,,Caesarea,3,0,3,"4024,"
69420,0703113631924,Vitamix Ascent Series A3500i Blender Silver 0703113631924,300,430,330,8330,13,26/06/23,,Caesarea,2,0,2,"4026,"
69718,193015506718,Printer HP Laser MFP M137fnw Wireless All-in-One With Feeder +RJ45 (4ZB84A) 193015506718,282,474,342,11598.333,13,03/10/23,,Caesarea,48,40,86,"4013,4014,"
70083,7290104823848,Peled 1520 mm Fiber Handle 16 Tooth Gravel Rake 76411 7290104823848,40,1220,550,485,13,27/06/23,,Caesarea,1,0,1,"4025,"
70191,3362934402150,Thrustmaster TX-RW Force Feedback Racing Leather Wheel & Pedal for Xbox One & PC 3362934402150,315,410,355,6747.5,13,26/06/23,END,Caesarea,2,0,2,"4020,"
70192,3362932913771,Thrustmaster Hotas Warthog C.Panel With 2xThrottle & Stick Flight Simulator For PC 3362932913771,202,312,237,2066.25,13,26/06/23,,Caesarea,1,1,2,"4023,"
70709,7290017169477,Venta 26 Inch 3 Wings Garden Wall Fan 112599180 7290017169477,185,850,730,11070,13,03/07/23,,Caesarea,3,0,0,"4001,"
70713,7290017169484,Venta 26 Inch 3 Wings Garden Stand Fan 112599280 7290017169484,195,840,725,18220,13,03/07/23,,Caesarea,2,1,2,"4003,"
72793,7291044101140,GPT Sack Trolley 300 Kg Rubber Wheels TOT9916S 7291044101140,140,1320,500,20765,13,26/06/23,,Caesarea,2,0,2,"4007,"
75537,7291044100594,Hyundai Bathroom Heater 2200W HAHZ-2200 7291044100594,150,560,150,1925,13,26/06/23,,Caesarea,4,0,4,"4022,"
75936,6944271638712,Midea Gas Domino Hob Black Glass 30G20MA060-GFN 6714 6944271638712,160,560,370,8385,13,03/07/23,,Caesarea,2,0,2,"4017,"
76151,7290001895498,Gold Line Bathroom Heater  ATL-QH1500 7290001895498,145,449,243,1727.5,13,10/12/23,,Caesarea,4,0,5,"4021,"
76220,4006501550453,Leifheit Click System Floor Wiper Profi XL micro duo 55045 4006501550453,65,335,190,377.857,13,26/06/23,,Caesarea,5,0,5,"4019,"
76696,7290017361215,Hemilton Toaster Push Grill 4 Pieces 2000W HEM-1360 7290017361215,120,340,280,2190,13,26/06/23,,Caesarea,1,0,0,"4017,"
87812,7290109761787,NOA Sound Box V800W Multimedia Table + Wireless Charger - Black Glass 7290109761787,434,528,476,16162,13,26/06/23,,Caesarea,3,0,3,"4017,"
87813,7290109761794,NOA Sound Box V800W Multimedia Table + Wireless Charger - White Painting 7290109761794,434,528,476,16162,13,26/06/23,,Caesarea,1,0,1,"4010,"
89310,7290011879471,Gold Line Digital Microwave With Grill D90D25ESL-G1 7290011879471,360,577,450,19865,13,10/12/23,,Caesarea,3,0,2,"4004,"
89884,7290011879396,Gold Line Professional Mosquito And Insect Zapper 3X20W ATL-736 7290011879396,160,362,266,1298.333,13,26/06/23,,Caesarea,27,0,27,"4003,"
89885,7290010483877,Gold Line Professional Mosquito And Insect Zapper 2X20W ATL-735 7290010483877,160,362,266,1298.333,13,26/06/23,,Caesarea,10,0,10,"4003,"
90545,3016661148521,Tefal Inicio Grill Sandwich Toaster 2000W GC241D12 3016661148521 By Newpan,180,390,320,4050,13,03/10/23,,Caesarea,23,0,21,"4004,"
90575,HL-12,RL Integrated Bike Stand HL-12,97,287,200,687.5,13,10/12/23,,Caesarea,5,0,7,"4005,"
91584,,Little Tikes 3-in-1 Activity Walker Pink 71643095 50743643095,130,610,390,3605,13,26/06/23,,Caesarea,4,0,6,"4021,"
92000,3519280020785,Magimix Juice Expert 3 Citrus & Hard Fruits Juicer 400W Red JE3CMR 3519280020785 By Newpan,230,540,240,8100,13,03/10/23,,Caesarea,1,0,1,"4021,"
93766,7290001895344,Gold Line 16 Inch Stand Fan With Timer And Round Base ATL-906 7290001895344,130,600,450,7115,13,26/06/23,,Caesarea,8,0,8,"4003,"
93769,7290015062183,Gold Line 16 Inch Stand Fan LCD Touch  And Round Base ATL-915 7290015062183,130,600,450,7115,13,26/06/23,,Caesarea,5,0,4,"4010,"
93775,7290018225837,Gold Line 16 Inch Stand Fan 3 Blades ATL-905 7290018225837,130,600,450,7115,13,26/06/23,,Caesarea,76,0,74,"4002,"
93824,5099206081949,Logitech G Farm Simulator Heavy Equipment Bundle 945-000062 5099206081949,145,306,203,1492.222,13,26/06/23,,Caesarea,2,0,2,"4026,"
95119,,Native Instruments Traktor Kontrol S3 DJ Controller 4042477266608/4042477266615,96,446,223,1758.333,13,26/06/23,,Caesarea,8,0,10,"4005,"
95248,6921850654677,Norther P CLASSICO CCT 42 Inc 3 Wings Ceiling Fan Light Black NTP-CLS42-BK-LED 6921850654677,258,658,312,7340,13,26/06/23,,Caesarea,2,0,2,"4027,"
95255,6921850654691,Norther P VITTORIA CCT 52 Inch 3 Wings Ceiling Fan Black NTP-VTR52-BK-LED 6921850654691,256,682,348,7683.125,13,26/06/23,,Caesarea,1,0,1,"4018,"
95271,97914091040,Oscar DA-1200 Horizontal Slow Juicer Wider mouth 200W Silver DA1200S 97914091040,205,340,254,3609.688,13,27/06/23,,Caesarea,1,0,1,"4026,"
96473,7290005381935,Medic Spa Shiatsu Seat With Heat 2057 7290005381935,10,101,101,10,13,26/06/23,,Caesarea,1,0,1,"4025,"
99479,4054278305165,Karcher Cordless 36V Pressure Washer 110Bar K2 Battery PN: 1.117-220.0 4054278305165 - Shelldan,230,290,250,2770,13,26/06/23,,Caesarea,4,0,4,"4020,"
99748,3165140883795,Bosch Universal Aquatak 135 1900W High Pressure Washer (0 600 8A7 C00) 3165140883795 08A7.C,326,600,382,17393.333,13,26/06/23,,Caesarea,0,20,20,"4004,"
105386,8710364062775,Dremel Moto Saw F013MS20JA 8710364062775 Ledico,133,450,365,5055,15,10/08/23,,Caesarea,2,0,2,"4025,"
106997,5298002050092 8613570232522 ACS-32021120590310069,ExecutiveSafe Electronic Safe With Key ACS-3 16L 6.7kg UEMACS3 8613570232522 / 5298002050092,243,360,288,8010,15,11/05/23,,Caesarea,22,0,22,"4005,"
108275,7290014430396,Universe Saturday Thermos No Tvila NR-205 2L Tzomet & Halacha Approved Nirosta 3052225 7290014430396,233,311,298,2325,15,21/05/23,,Caesarea,2,0,0,"4020,"
108837,015378212108,Sage Non-Skid Carving Board 40X60cm Natural 147122014 15378212108,22,594,417,2805,15,04/02/24,END,Caesarea,2,0,2,"4027,"
110390,4974019128368,Sharp Touch Microwave Oven With Grill + Inverter 1200W 34L Black R-34IZ(BS) 4974019128368 - By Ralco,360,576,493,15995,15,10/08/23,,Caesarea,27,0,27,"4001,"
111048,7290111744372,Brateck TV Cart Up To 100KG / 60-100 Inch TTL03-610TW 81000-001-09 7290111744372,360,784,466,37330,15,06/08/23,,Caesarea,2,0,2,"4004,"
111061,743878041088,Klipsch Bookshelf Bluetooth Active Speakers The Fives (Pair) Black 743878041088,336,473,431,13685,15,01/08/23,,Caesarea,1,0,1,"4028,"
113364,4054278513652,Karcher Surface Cleaner T5 T-RACER PN: 2.644-084.0 4054278513652 - Shelldan,246,390,354,2380,15,11/05/23,,Caesarea,2,0,0,"4017,"
114225,4974019128344,Sharp Microwave Oven With Grill 900W 25L Black R-709ZB 4974019128344 - By Ralco,360,577,450,19865,15,12/07/23,,Caesarea,26,0,26,"4011,"
119608,8710103894698,Philips 1200 Series Coffee Machine 2xBeverage Black 576462 EP1200/00 8710103894698,282,479,467,11535,15,10/08/23,,Caesarea,9,0,21,"4002,"
124229,211125636050 4211125636050,Beurer Foot Spa BWMFB20 4211125636050,190,417,365,3040,15,07/08/23,,Caesarea,15,0,15,"4008,"
124243,4211125645069,Beurer Foot Massager BWMFM90 4211125645069,274,464,385,6570,15,07/08/23,,Caesarea,3,0,3,"4026,"
124891,6903366905177,Kendo 86 Pcs Tool Chest Set 46x24x28CM KD-890517 6903366905177,243,458,275,13735,15,02/08/23,,Caesarea,1,0,0,"4018,"
131164,4711174723973,Synology DiskStation DS1821+ 8-Bay 4711174723973 / 846504003976,298,447,358,8055,15,21/05/23,,Caesarea,1,0,1,"4027,"
132590,6942629286585,Tactix Support Stand 495 x 440 x 695MM 60KG MAX 330031 6942629286585,97,588,127,4230,15,30/07/23,,Caesarea,1,0,1,"4021,"
135650,7290005580031,Selmor Toaster Oven 34L White SE-34 7290005580031,361,562,410,10755,15,10/08/23,,Caesarea,1,0,1,"4023,"
166811,7290017090757,Gold Line Toaster Oven Black 21L 1280W ATL-6621 7290017090757,332,468,354,5535,15,12/07/23,,Caesarea,8,0,8,"4002,"
166818,7290017090931,Gold Line Electric Pan 1500W ATL-237 7290017090931,104,384,357,2725,15,22/05/23,,Caesarea,16,0,15,"4013,"
171665,638126846938,Spark Toys Battle Of Robots 638126846938,110,546,304,1060,15,04/05/23,,Caesarea,4,0,4,"4028,"
180506,4549292051254,Canon Maxify MB2150 Wireless AIO Printer AGBS05676 4549292051254,407,544,465,14145,15,08/08/23,,Caesarea,2,0,5,"4006,"
181556,195908303121,Printer HP Smart Tank 750 Wireless All-in-One (6UU47A) 195908303121,283,462,404,10240,15,31/07/23,,Caesarea,0,40,40,"4007,"
182124,7297043111173,Vardinon Grace Percale 100 Cotton Microfiber Winter Duvet Blanket - 150x200cm 3111173 7297043111173,194,562,418,3040,15,21/12/23,,Caesarea,1,0,1,"4023,"
182125,7297043111180,Vardinon Grace Percale 100 Cotton Microfiber Winter Duvet Blanket - 200x220cm 3111180 7297043111180,250,515,430,4490,15,21/12/23,,Caesarea,4,0,4,"4023,"
182949,6939962611488,Midea Gas Stove 2 Flames 30CM Stainless Steel 30G20MA005-SFN 6734 6939962611488,157,563,356,6765,15,08/08/23,,Caesarea,4,0,5,"4017,"
186644,195908302865,Printer HP Smart Tank 790 Wireless All-in-One (4WF66A) 195908302865,285,470,401,10395,15,31/07/23,,Caesarea,1,40,40,"4007,"
187839,8720389003394,Saeco GranAroma Coffee Machine 14xBeverage Black 576630 SM6580/00 8720389003394,310,470,467,13915,15,10/08/23,,Caesarea,13,0,19,"4002,4007,"
188704,8696272011282,Super-Bag Monoblock Drawer And Organizer Big 18 Drawers 170125-006 8696272011282 By Smith,156,468,376,3030,15,07/08/23,,Caesarea,3,0,3,"4020,"
189497,7290111748813,Brateck Height Adjustable Mobile Workstation White G02-22DR-B 81000-002-33 7290111748813,126,987,650,19320,15,06/08/23,,Caesarea,1,0,1,"4005,"
190238,7290114430975,Dragon Cyber Gaming Chair Leather Like White GPDRC-CYBER-W 7290114430975 - Isfar,284,833,562,21635,15,10/08/23,,Caesarea,2,0,0,"4009,"
190264,095205069303,Xerox B235V DNI WiFi Multifunction Laser Printer (Copier Printer Scanner Fax),422,544,428,13360,15,27/07/23,,Caesarea,9,0,10,"4005,4006,"
191998,731304410799,APC Back-UPS 750VA/410Watts 4x Outlets BX750MI 731304410799,190,424,238,6475,15,22/05/23,END,Caesarea,19,0,21,"4003,"
194017,1607211788117,Skater ABEC 7 Cool Basic Scooter - Blue 788117 1607211788117,136,555,257,2075,15,19/09/24,,Caesarea,3,0,0,"4025,"
197669,3165140810173,Bosch Ghp 5-65X 2400W Professional High Pressure Washer (0 600 910 600) 3165140810173 0910.6,371,761,450,27870,15,06/08/23,,Caesarea,2,0,2,"4002,"
199196,4054278785875,Karcher High Pressure Washer 130 Bar K4 Power Control Home 1.324-033.0 4054278785875 Shelldan,382,562,489,17815,15,07/08/23,,Caesarea,6,0,5,"4001,"
202718,638126848758,Spark Toys Animals and Smiles Hebrew Playmat 638126848758,103,577,495,1490,15,06/08/23,,Caesarea,1,0,1,"4022,"
206196,6856741588840,Norther P Atlanta 56 Inch 3 Wings Ceiling Fan White NTP-ATLIP44-LED-WH 6856741588840,243,717,292,10285,15,10/08/23,,Caesarea,2,0,2,"4027,"
206252,7290004574499,Barkan  Fixed Floor Stand TV Mount - Swivel Tilt & Height Adjustment 13-83 Inch FS420 7290004574499,129,737,265,7560,15,10/08/23,,Caesarea,4,0,4,"4019,"
208989,4059952531144,Bosch GCM 216 1300W Compound Mitre Saw (0 601 B33 000) 4059952531144 1B33,355,549,430,11760,15,31/07/23,,Caesarea,1,0,1,"4017,"
209823,,HPE Aruba Instant On 1930 48-Port Gigabit and 4-Port SFP+ Switch JL685A,133,576,330,5290,15,07/08/23,,Caesarea,1,0,2,"4028,"
212664,7290018657379,Gold Line 48 Inch Ceiling Fan With Light Remote Control White ATL-8048W 7290018657379,252,598,388,6750,15,12/07/23,,Caesarea,2,0,2,"4010,"
213447,4001702021337,Bruder John Deere 1210E Forwarder with 4 Trunks and Grab 530-2133 4001702021337,248,633,540,2060,15,03/08/23,,Caesarea,1,0,1,"4018,"
214606,5621111274460 8264722374463,Benaton BT-7446 16 Inch Round Base Standing Fan 5621111274460,134,476,461,4515,15,30/07/23,,Caesarea,21,0,21,"4011,"
217819,3362934112028,Thrustmaster T-GTII Gran Turismo Edition Racing Wheel Set For PS4/PS5 & PC 4160823 3362934112028,328,533,404,14410,15,06/08/23,END,Caesarea,1,0,1,"4018,"
220661,90100916,Yale Standard Series Digital Safe For Laptop With Key 7.5KG 90100916,227,441,375,10570,15,06/08/23,,Caesarea,1,0,1,"4014,"
222013,7291057098741,Hunter Leaf Blower/Vacum/Crushing 3000W 103002-002 7291057098741,247,460,266,3970,15,07/08/23,,Caesarea,67,0,72,"4009,4011,4012,4014,"
222054,307845021,Carne Perforated Pizza Peel 40x45cm 307845021,5,325,7,3165,15,10/08/23,,Caesarea,4,0,4,"4025,"
222171,7290114430890,Dragon Boss Office Executive Chair Brown GPDRC-BOS-BR 7290114430890 - Isfar,422,890,641,22475,15,10/08/23,END,Caesarea,1,0,1,"4003,"
227395,7290019089360,Bpower Solar Electric Round Parking Barrier With A Remote  7290019089360,115,465,450,7235,15,07/08/23,,Caesarea,4,0,1,"4010,"
228072,7290117054420,Food Appeal Select Stainless Steel Pot 30cm 9.8L 7290117054420,183,325,321,3535,15,07/05/23,,Caesarea,4,0,4,"4019,"
229491,4895018237120,Skyworth 55 Inch QLED 4K HDR Pro TV With Netflix 55SUE9500 4895018237120 SG,140,1340,820,0,15,13/07/23,,Caesarea,5,0,5,"4016,"
231830,3121040070628,Tefal Express Anti-Calc Steam Generator 2830W SV8012E0 3121040070628  By Newpan,283,378,326,4075,15,13/07/23,EOL,Caesarea,6,0,4,"4010,"
232031,7290105778963,Delonghi Digital Microwave 29L 1450W Nirosta/Black Glass DL-2029 7290105778963 - By Brimag,316,531,435,15350,15,13/07/23,,Caesarea,1,0,-1,"4001,"
232995,8710755303586,Brabantia Mind Set Pretty Towel Stand White Y-303586 8710755303586,55,582,102,785,15,12/07/23,,Caesarea,4,0,4,"4019,"
233771,638126847621,Spark Toys Sound Train Activity Table 0638126847621,168,372,362,2285,15,12/03/24,,Caesarea,1,0,1,"4022,"
233921,6943478002289,Hape Grow With Me Rocking Horse E0100 6943478002289,110,654,358,3980,15,06/08/23,,Caesarea,2,0,2,"4018,"
236700,72961926209,Baby Boss Pluma Baby High Chair Cream 72961926209,275,869,555,9020,15,06/08/23,,Caesarea,12,0,6,"4005,"
236869,4054278834221,Karcher Cordless Vacuum Cleaner Haf Horican Air Flow VC6 PN: 1.198-660.0 4054278834221 -Shelldan,144,739,329,5830,15,07/08/23,,Caesarea,2,0,2,"4004,"
237221,4001702024581,Bruder Volvo Wheel loader L260H 530-2458 4001702024581,234,636,538,2025,15,03/08/23,,Caesarea,1,0,1,"4019,"
238138,3165140935630,Bosch Easyaquatak 120 1500W High Pressure Washer (0 600 8A7 901) 3165140935630 08A7.901,192,397,369,6350,15,31/07/23,,Caesarea,1,0,0,"4003,"
239942,6972790741422,Yeedi Floor 3 Station Robot Vacuum And Mop YDTX11 6972790741422 - By Ronlight,507,534,523,19495,15,08/08/23,,Caesarea,1,0,1,"4003,"
240000,743878047806,Klipsch Bookshelf Bluetooth Active Speakers The Sevens (Pair) Walnut 743878047806,405,567,545,23405,15,12/07/23,END,Caesarea,1,0,1,"4019,"
240054,785571730333,Yamayo Baby Folding Bath Peach YBB-100 785571730333,103,802,496,2435,15,13/07/23,,Caesarea,15,0,15,"4005,"
240056,785571730357,Yamayo Baby Folding Bath Gray/White YBB-100 785571730357,104,794,490,4290,15,13/07/23,,Caesarea,62,0,62,"4006,"
240059,785571730364,Yamayo Baby Folding Bath Blue/Light Blue YBB-100 785571730364,98,764,521,2430,15,13/07/23,,Caesarea,1,0,1,"4017,"
240096,4974019606767,Sharp Digital Microwave Flatbed Inverter 1200W 32L R-327FH(S) 4974019606767 - By Ralco,380,587,487,14500,15,08/08/23,,Caesarea,23,0,23,"4003,"
240418,194735028979,Hot Wheels Attacking Shark Escape Trackset HDP06 02504076MAT 194735028979,86,537,354,2830,15,07/08/23,WTF,Caesarea,7,0,7,"4005,"
240435,6972200198457,Tineco iFloor Breeze Cordless All in One Hard Floor Cleaner 6972200198457,312,660,321,8105,15,02/08/23,,Caesarea,11,0,15,"4003,"
240877,9780201379723 9780201399073,SAFA CA-001 Record Case For 30 Records Black 9780201399073 2801,214,404,404,4475,15,10/08/23,,Caesarea,1,1,1,"4020,"
240988,5413184603373,KitchenAid Food Processor 2.1L 250W Red 5KFP0919EER 5413184603373 - By Newpan,242,433,314,4530,15,22/05/23,EOL,Caesarea,8,0,8,"4023,"
241869,3519280116563,Magimix Professional Food slicer 260RPM 120W T-250 3519280116563 By Newpan,405,530,466,15705,15,13/07/23,,Caesarea,1,0,1,"4020,"
244272,03138522120894 3138522120894,Coleman Steel Deck Chair Gray 2000038340 03138522120894,179,725,380,7165,15,10/08/23,,Caesarea,1,0,0,"4010,"
244310,3519280115825,Magimix Multifunction Steamer Pot 1900W 11582 3519280115825 By Newpan,316,398,342,5675,15,13/07/23,,Caesarea,1,0,0,"4021,"
244410,043859769025,Fellowes Paper Shredder Mini Cut 12L LX25M 43859771219 DSS4170601,234,362,323,4885,15,14/05/23,,Caesarea,11,0,9,"4006,"
244411,043859769018,Fellowes Paper Shredder Cross Cut 12L LX25 43859771202 DSS4170501,240,359,328,4380,15,11/05/23,,Caesarea,25,0,22,"4013,"
244471,7290114431842,Dragon Flex Office Chair Black GPDRC-FLEX-BB 7290114431842 - Isfar,7,853,365,19845,15,10/08/23,,Caesarea,1,0,1,"4021,"
244729,13253561407120,Stanley Small Drawer 3 Levels STST40712-1 13253561407120,254,359,342,1825,15,21/05/23,,Caesarea,3,0,2,"4024,"
244804,4007126001535,Hailo Big Box Swing XL 52L Trash Can Stainless Steel 860211 4007126001535,105,705,351,6005,15,08/08/23,,Caesarea,4,0,4,"4025,"
245211,077924003592 77924003592,Weber Classic Kettle Charcoal Grill 47cm Black 1241304 77924003592 - Nine,362,511,494,11715,15,27/07/23,,Caesarea,4,0,4,"4009,"
245444,4895224407836,Globber GO BIKE ELITE Balance Bike Blue 4895224407836,166,601,259,4200,15,01/08/23,,Caesarea,3,0,3,"4020,"
246105,6943223110726,North Bayou H100 Desk Mount For Flat Panel Monitor Up to 9kg Black DNA 6943223110726,123,401,201,4245,15,22/05/23,,Caesarea,52,0,56,"4013,"
246280,7290010483990,Gold Line 500W Multipurpose Food Processor With Blender Silver ATL-602 7290010483990,246,376,374,3660,15,02/08/23,,Caesarea,3,0,3,"4019,"
246285,7290018657249,Gold Line 1200W Vacuum Cleaner 30L Nirosta ATL-2360 7290018657249,327,607,341,6240,15,12/07/23,,Caesarea,5,0,5,"4004,"
247451,9780201410655,I-CAMP Outdoor Mat 1.8X2.7 Meter 93548 9780201410655,51,898,454,2165,15,13/07/23,,Caesarea,13,0,12,"4014,"
248153,7290017430829,Sachs 250W Electrical Fan Air Cooler EF-1050 7290017430829,440,990,640,16395,15,12/07/23,,Caesarea,5,0,5,"4009,"
249193,9321104863669,Playgro Pop and Drop Activity Ball Gym 80X80cm TPF0186366 9321104863669,103,557,452,2160,15,24/01/25,,Caesarea,2,0,2,"4023,"
250957,7290115246827,Qplay NOVA  Niello Foldable Trike Khaki 24682 7290115246827,261,611,372,8445,15,27/07/23,,Caesarea,14,0,14,"4003,"
251341,7291055013586,Valpro Metal Jerrycan 20L DIN7274 Green 1134344,170,470,330,4375,15,11/05/23,,Caesarea,1,0,1,"4025,"
254349,4006501815163,Leifheit Standing dryer Pegasus 200 Solid Comfort 87003 4006501815163,107,962,489,5685,15,08/08/23,,Caesarea,1,6,7,"4021,"
256019,8806091778970,LG 27GR75Q-B UltraGear QHD IPS G-Sync 165hz 27 Inch 2xHDMI DP Gaming Monitor Black 880609177890,160,677,502,8625,15,31/07/23,,Caesarea,10,0,10,"4016,"
256227,6934177785320,Xiaomi Robot Vacuum X10 White BHR6068EU 89542 6934177785320 - 2 Year Warranty By Hemilton,378,455,406,10475,15,01/08/23,,Caesarea,10,0,26,"4007,4008,"
257300,7290118590118 729011859118,Star X 48 Inch Ceiling Fan With Light Remote Dark Wood 7290118590118 STX-Baby-DW,245,763,249,8320,15,10/08/23,,Caesarea,28,0,27,"4014,"
257677,5060573543590,Just Play Cocomelon Mega Playmat Set 7964H 5060573543590,87,618,159,690,15,20/01/25,,Caesarea,7,0,6,"4017,"
258801,3138522118747,Coleman Xtreme Hard Cooler Blue 26L 2000037210 3138522118747,289,375,368,4270,15,08/08/23,,Caesarea,5,0,6,"4002,"
258802,3138522118761 3138528058016,Coleman Xtreme Hard Cooler Blue 49L 2000037212 3138522118761 3138528058016,336,538,397,4855,15,08/08/23,,Caesarea,6,0,6,"4009,"
259277,100607120284 7613329177983,Wenger Motion Hardside Carry-On Bag Gray 612547 7613329177983,240,568,400,3965,15,13/07/23,,Caesarea,2,0,2,"4025,"
260239,4711081988274,Asus ROG Strix XG27AQMR Gaming Monitor 27 Inch IPS QHD 300Hz 1Ms DP 2xHDMI 2xUSB 90LM08K0-B01170,202,764,475,10410,15,12/07/23,,Caesarea,1,0,2,"4028,"
260753,5856694100138,Carne Professional Modular Table 65X70X90 Black 5856694100138,102,714,545,19570,15,13/07/23,,Caesarea,13,0,13,"4012,"
262039,4023103194113,Vileda Turbo 2in1 Microfibre Mop And Bucket Set 4023103194113 - Jacobi,277,498,285,2815,15,08/08/23,,Caesarea,144,0,145,"4003,4007,4008,"
262229,2060112,Logistiplast Set 4 Compartments Organizer Blue Handle 2060112 BY L.C LTD,188,609,219,2790,15,02/08/23,,Caesarea,10,0,8,"4011,"
262235,7290114520881,Logistiplast Set 6 Compartments Organizer Blue Handle 2060114 BY L.C LTD,111,608,128,1145,15,02/08/23,,Caesarea,10,0,14,"4021,"
262553,7290118970996,Graetz 31 Inch Standing Fan 3 Speeds + Timer + Remote 45W TF-830-R 7290118970996 - By Brimag,193,809,193,3295,15,27/07/23,,Caesarea,21,0,17,"4004,"
263659,606184272105,Jasper Synthetic Grass Broom 51351 606184272105,51,369,203,3305,15,10/08/23,,Caesarea,0,40,39,"4010,"
263686,6856740248066,Norther Swan 42 Inc 3 Wings 24W CCT RC WIFI White + Wood NTP-SW42-WHWD-LED 6856740248066,280,706,324,6335,15,31/07/23,,Caesarea,6,0,6,"4011,"
263840,9780201410631,I-CAMP Lightning Kit Pro XL Car Lightning Garland 12V 93531 9780201410631,103,610,144,1805,15,01/08/23,,Caesarea,2,0,2,"4018,"
264065,9780339977112,NGL Beach Equipment Set (Beach Mat + 2x Beach Bed + Shade Canopy + Bag) 9780339977112,147,573,493,5710,15,31/07/23,,Caesarea,4,0,2,"4001,"
264164,0761345100663 761345100663,Antec AX20 Elite ATX Mid Tower Black Case (No PSU) 0-761345-10066-3,252,484,398,4905,15,30/07/23,,Caesarea,113,0,111,"4014,"
264165,0761345100687 761345100687,Antec AX51 Elite ATX Mid Tower Black Case (No PSU) 0-761345-10068-7,256,519,453,5830,15,30/07/23,,Caesarea,42,0,41,"4003,"
264590,652182743321 652182747299,Britax One4Life ClickTight Convertible Car Seat Safe Wash Onyx 2743321 652182743321/652182747299,491,625,537,15915,15,10/08/23,,Caesarea,17,0,17,"4002,"
264868,6943757617524,Ecovacs Deebot N10 Vacuum Mopping Robot DBX41 6943757617524 - By Ronlight,180,472,428,7355,15,08/08/23,,Caesarea,3,0,11,"4003,"
264875,300316350,Huliot Set 3 Compartments Organizer Blue Handle G2 TTTN03 300316350 BY Hashahal,180,613,244,3150,15,06/08/23,,Caesarea,1,10,10,"4010,"
264876,300316450 3300316450,Huliot Set 4 Compartments Organizer Blue Handle G2 TTTN04 300316450 BY Hashahal,143,609,213,2650,15,06/08/23,,Caesarea,31,0,31,"4013,"
264877,300316550,Huliot Set 5 Compartments Organizer Blue Handle G2 TTTN05 300316550 BY Hashahal,134,610,171,1825,15,06/08/23,,Caesarea,11,0,10,"4003,"
264878,300316650,Huliot Set 6 Compartments Organizer Blue Handle G2 TTTN06 300316650 BY Hashahal,93,603,126,1055,15,06/08/23,,Caesarea,30,0,30,"4005,"
264949,7297476778349,Minene Foldable Bath - Cream 13309001160OS 7297476778349,114,753,470,2160,15,06/08/23,,Caesarea,12,0,12,"4013,"
264977,190017524290,HPE Aruba Instant On 1830 48G 4SFP 48 Port Switch JL814A 190017524290,132,520,377,5430,15,07/08/23,,Caesarea,2,0,2,"4027,"
264978,190017524054,HPE Aruba Instant On 1830 24G 12p Class4 PoE 2SFP 195W 24 Port Switch JL813A 190017524054,129,525,377,5665,15,07/08/23,,Caesarea,1,0,1,"4024,"
265008,4711081982784,Asus ROG Hyperion GR701 Tower Case Black (No Psu) 90DC00F0-B39000 195553982788,350,720,710,25640,15,07/08/23,,Caesarea,4,0,3,"4006,"
265011,4711081771838 90DC00G0-B39010,Asus Prime AP201 Tempered Glass Small Tower Case Black (No Psu) 90DC00G0-B39010  195553771832,274,516,413,8715,15,07/08/23,,Caesarea,29,0,29,"4009,4010,"
265012,90DC00G3-B39010,Asus Prime AP201 Tempered Glass Small Tower Case White (No Psu) 90DC00G3-B39010  195553771924,270,524,405,8725,15,07/08/23,,Caesarea,2,0,2,"4004,"
265510,FB30FLSB90,Fotobest Flat Quick Open Octa Softbox 90cm Bowens FB30FLSB90,88,737,207,4130,15,11/08/23,,Caesarea,1,0,1,"4017,"
265514,FB30FLSB30140,Fotobest Flat Quick Open Strip Box 30X140cm Bowens FB30FLSB30140,1,223,68,4410,15,11/08/23,,Caesarea,1,0,1,"4018,"
265515,FB30FLSB30180,Fotobest Flat Quick Open Strip Box 30X180cm Bowens FB30FLSB30180,6,244,62,4805,15,11/08/23,,Caesarea,1,0,1,"4017,"
265516,FB30FLSB6060,Fotobest Flat Quick Open Strip Box 60X60cm Bowens FB30FLSB6060,91,706,202,3940,15,11/08/23,,Caesarea,1,0,1,"4017,"
265518,FB30FLSB6090,Fotobest Flat Quick Open Strip Box 60X90cm Bowens FB30FLSB6090,87,795,202,4135,15,11/08/23,,Caesarea,1,0,1,"4018,"
265524,FB30FGSB80120,Fotobest Softbox 80X120cm With Grid Kit FB30FGSB80120,47,830,180,4355,15,11/08/23,,Caesarea,1,0,1,"4018,"
266045,7291074021906,Soltam Culinary Flip Rice Pot 32cm 11.3L With Rice Tray 3Pcs 11821906 7291074021906,185,388,382,4445,15,03/04/24,END,Caesarea,1,0,1,"4019,"
266698,7290016750409,ONE Deluxe Set Car Carpet 4Pcs Clear 7290016750409,33,479,449,4055,15,26/07/24,,Caesarea,11,0,11,"4018,"
273009,7291055062997,Roher Tools Plastic Handle Machete With Fabric Case 62cm 1126649 7291055062997,28,617,82,810,15,28/01/24,,Caesarea,1,0,1,"4028,"
281470,7290117056806,Food Appeal Casual Plus Pots Set 20+24cm 7290117056806,160,529,279,3825,15,02/08/24,EOL,Caesarea,4,0,4,"4020,"
284438,719821479222,Lowepro Pro Trekker BP 550 AW II Backpack Gray LP37270-GRL 719821479222,257,525,381,3605,15,27/12/23,,Caesarea,3,0,3,"4020,"
286853,7290113230149,Clip Toys Supermarket Cart For Children - Pink 23014 7290113230149,101,484,383,1190,15,18/03/24,,Caesarea,4,0,4,"4020,"
290304,10077924036535 779240365358,Weber Briquettes Charcoal for Grills 4kg 17590 779240365358 - Nine,87,222,159,4105,15,12/02/24,,Caesarea,5,0,0,"4012,"
292846,7291074018531,Soltam Richstone Cooking Pot 24cm+Saute Pot 28cm+Frying Pans 24+28cm 6Pcs 11918531 7291074018531,161,620,335,6195,15,07/05/25,,Caesarea,6,0,5,"4024,"
293498,4000984900316,BabySafe LYB960 Booster Seat With With I-Size Gray 960012 4000984900316,172,437,332,3520,15,09/03/25,,Caesarea,0,12,12,"4009,"
294045,7291057070365,Hunter Tote Tool Bag Large 17 Inch 170118-002 7291057070365,85,413,286,1175,15,11/12/24,,Caesarea,3,0,3,"4027,"
296986,7296021137259,Naaman Acacia Wood Butcher Cutting Board - 60x40x3cm 11137259 7296021137259,25,418,37,4590,15,03/04/24,,Caesarea,11,0,11,"4011,"
298137,743878053388,Klipsch Bookshelf Bluetooth Speaker The One Plus Walnut 743878053388,237,405,275,5135,15,06/05/24,END,Caesarea,1,0,1,"4017,"
300190,191856083573,Tender Leaf Garden Wheelbarrow Set TL8357 191856083573,184,514,186,2036,15,19/04/24,,Caesarea,1,0,1,"4022,"
300874,0773554030389 773554030389,Infantino Music And Lights 3 In 1 Discovery Seat And Booster Baby Toy 0773554030389,176,429,416,2865,15,15/05/24,,Caesarea,2,0,2,"4023,"
300879,0773554152142 773554152142,Infantino Busy Stack And Nest Ball Drop Happy Hoops Combo Set Baby Toy 0773554152142,146,601,352,1680,15,15/05/24,,Caesarea,3,0,3,"4018,"
305165,7290119832248,Food Appeal Twist It 7Pcs Food Storage Container Set - Red 7290119832248,135,420,364,1490,15,05/06/24,,Caesarea,6,0,6,"4019,"
308269,5055394027404,Disney Real FX Stitch 89011H 5055394027404,26,262,226,1415,15,16/01/25,,Caesarea,20,0,18,"4009,"
309133,4009847063304,Theo Klein - Childrens Classic Sweeping Set 550-6330 4009847063304,48,133,108,300,15,27/06/24,,Caesarea,9,0,9,"4023,"
309134,4009847061010,Theo Klein - Childrens Sweeping Set 550-6101 4009847061010,28,571,42,240,15,27/06/24,,Caesarea,10,0,10,"4022,"
310814,7296021305276,Naaman Midnight Casting Pot 36cm 14 Liters 11305276 7296021305276,6,383,182,3745,15,15/07/24,,Caesarea,6,0,6,"4026,"
311892,8003705120297,Ariete Folding Steam Mop 10 In 1 1500W 4175 8003705120297,182,452,192,3015,15,13/11/24,,Caesarea,2,0,2,"4019,"
320612,320612,Java Hanging Trash Can White 8L,181,328,260,1790,15,16/09/24,,Caesarea,21,0,20,"4002,"
321965,7640186962414,Philips NeoPix 750 Smart 700 LED Projector Up To 120 Inch 1080p White NPX750/INT 7640186962414,174,361,355,5280,15,14/11/24,,Caesarea,3,0,3,"4017,"
32776,095205863154,Xerox WorkCentre 3025V NI Laser Printer (Copier Printer Scanner Fax),427,487,450,20625,15,27/07/23,,Caesarea,43,0,46,"4003,4004,"
328094,801310349946,Jada - Godzilla x Kong - Heat-Ray Breath Godzilla RC 6096 801310349946,194,401,362,2080,15,25/11/24,,Caesarea,3,0,3,"4022,"
328729,0679523120870 679523120870,Yamayo Baby High Chair Foldable Grey YBC-209 0679523120870,203,377,349,2235,15,18/03/25,,Caesarea,25,24,48,"4010,"
333683,4573201243096,AlphaTheta 2 Channel Controller For Multiple DJ Applications DDJ-FLX2 Black 4573201243096,105,443,297,2040,15,17/04/25,,Caesarea,3,0,3,"4024,"
334601,7290016385540,Arcosteel Stainless Steel Punch Bowl 36cm 63-85540-40 7290016385540,258,323,275,1520,15,14/01/25,,Caesarea,1,0,1,"4025,"
342819,7296021311543,Naaman Deep Pan 28cm 4 Pcs 6152 7296021311543 Hemilton,111,503,294,2870,15,12/03/25,,Caesarea,15,0,15,"4021,"
345106,887961256406,Fisher Price First Steps Talking Zebra Baby Walker DLD80 02490556MAT 887961256406,102,448,403,2130,15,25/03/25,WTF,Caesarea,56,0,56,"4002,"
348060,7297043114990,Vardinon Classico Body Towels Set 100 Cotton - 70x130cm 6Pcs White 3114990 7297043114990,210,356,282,3580,15,22/04/25,,Caesarea,2,0,2,"4025,"
351201,7290119836062,Food Appeal Regal Saute Pot 36cm 8L Champagne And Cream 7290119836062,108,405,383,3410,15,12/05/25,,Caesarea,5,0,4,"4018,"
41182,7290013025951,Sachs Samovar 40 Cups EF-132T Tzomet Approved Nirosta 7290013025951,260,455,266,3205,15,07/08/23,,Caesarea,4,0,4,"4001,"
51440,7290005487668,Blue Star 12 Inch Desk Fan J30 7290005487668 109,221,417,359,4020,15,10/08/23,,Caesarea,7,0,9,"4010,"
51447,7290011286026,Blue Star 18 Inch Wall Fan FW4517 7290011286026 124,226,530,518,7855,15,10/08/23,,Caesarea,2,0,2,"4012,"
51924,2217356670018206 3362934401740,Thrustmaster Ferrari 458 Spider Racing Wheel Set For Xbox One 3362934401740,340,396,349,4840,15,06/08/23,,Caesarea,2,0,5,"4002,"
53617,5099206076747,Logitech G560 LIGHTSYNC PC Gaming Speakers With Game Driven RGB Lighting 980-001301 5099206076747,300,424,381,10430,15,07/08/23,,Caesarea,8,0,19,"4003,"
63965,743172090928,Eaton 9SX 1000I UPS USB + Program,292,563,360,17435,15,10/08/23,,Caesarea,3,0,3,"4018,"
65374,7290016240573,Gold Line V6 Super Flat Fan ATL-1957 7290016240573,153,561,491,5460,15,12/07/23,,Caesarea,5,0,4,"4009,"
65397,7290011879167,Gold Line 20 Inch Fan With Timer ATL-019W 7290011879167,70,499,189,4005,15,12/07/23,,Caesarea,5,0,2,"4001,"
65407,7290010483327,Gold Line 20 Inch 3 In 1 Fan ADF10 ATL-045 7290010483327,157,603,495,6925,15,12/07/23,,Caesarea,31,0,30,"4001,4002,"
65408,7290016240078,Gold Line XL Fan 3 In 1 Taiwan ATL-046 7290016240078,156,649,576,7260,15,12/07/23,,Caesarea,2,0,0,"4008,"
66105,7290001895054,Gold Line 16 Inch Wall Fan  ATL-1906-16W 7290001895054,156,423,418,3075,15,12/07/23,,Caesarea,44,0,45,"4009,"
66285,7291044099515,Semicom Fan Standing 16 3 Speeds 58W HAFA-16BT 7291044099515,113,529,493,5435,15,30/07/23,,Caesarea,61,3,65,"4007,4008,"
67152,8827050305745,SAFA Turntable With Speakers TR-H004 8827050305745 2346,380,469,425,12920,15,10/08/23,,Caesarea,7,2,10,"4009,"
67707,7290013382672,Gold Line Micro Cyclone Vacuum Cleaner + Bellows ATL-2350 7290013382672,321,455,343,8595,15,12/07/23,,Caesarea,13,0,13,"4004,"
68495,3165140830355,Bosch AHS 50-20 LI 18V Cordless Hedgecutter - Body Only (0 600 849 F02) 3165140830355 0849.F02,8,155,11,3370,15,02/08/23,,Caesarea,4,0,4,"4025,"
70063,7290104822544,Maxus 150x80 cm Laser Windshield Sun Shade 63611 7290104822544,27,765,129,480,15,02/08/23,,Caesarea,0,30,29,"4019,"
70142,8710103877424,Philips 2200 Series Coffee Machine 2xBeverage Matte Black 576056 EP2220/10 8710103877424,296,465,458,11725,15,10/08/23,,Caesarea,29,0,47,"4001,4011,"
75400,095205863130,Xerox WorkCentre 3025V BI Laser Printer (Copier Printer Scanner),397,493,415,11230,15,27/07/23,,Caesarea,59,0,66,"4011,4012,"
80592,192876245798 4718017245791,Asus GX601 ROG Strix Helios Mid Tower Case Black (No Psu) 90DC0020-B39000 4718017245791,380,730,700,22090,15,07/08/23,,Caesarea,3,0,2,"4006,"
88719,7290014314009,Passer Flushing Water Cleaning Patent 68X45 Gray 7290014314009,98,779,461,1745,15,12/07/23,,Caesarea,249,0,254,"4001,4002,4007,4009,4013,"
91695,6939924828145,Midea 16 Inch Standing Fan 3 Speeds FS40-19K 6826 6939924828145,149,581,518,6600,15,01/08/23,,Caesarea,4,0,4,"4027,"
93780,7290018225042,Gold Line Super Fan Turbo Hurricane Basic Silver Black  ATL-92BS 7290018225042,272,796,337,6830,15,02/08/23,,Caesarea,5,0,5,"4011,"
95588,6939924805900,Midea 18 Inch Standing Fan 3 Speeds FS45-3D 6825 6939924805900,92,660,507,8135,15,01/08/23,,Caesarea,2,0,2,"4026,"
99487,4054278291888 9016299510021986,Karcher 36V Vacuum Cleaner Dry Wet 17L WD3 Battery PREMIUM PN: 1.629-951.0 4054278291888 - Shelldan,377,573,430,10650,15,07/08/23,,Caesarea,3,0,2,"4009,"
105325,7290000237718,Keter Hawk Tool Box 22 Inch Black 171996 7290000237718,248,565,290,3800,16,27/07/23,,Caesarea,10,0,10,"4005,"
105326,7290002166764,Keter Hawk Tool Box 26 Inch Black 237784 7290002166764,271,667,277,4150,16,27/07/23,,Caesarea,1,0,1,"4019,"
105327,7290106927094,Keter Professional Gear Portable Tool Box Black 259062 7290106927094 7290112638182,465,564,480,8400,16,27/07/23,,Caesarea,5,0,5,"4010,"
105331,7290106934245 7290112638564,Keter ROC Adjustable Lumberjack Black 259067 7290112638564 7290106934245,69,820,710,7630,16,27/07/23,,Caesarea,1,0,1,"4018,"
105825,847539034232,Honey Can Do Entryway Coat Rack and Shoe Rack Combo SHF-03423 847539034232,175,730,350,7600,16,28/06/23,END,Caesarea,6,0,6,"4028,"
107147,7290002183983,Keter Folding Work Table Black 208551 7290002183983,112,850,550,12920,16,27/07/23,,Caesarea,2,0,0,"4008,"
108656,7290106938656,Keter Rockford Waste Outside Garbage Bin Gray 120 Liter 241908 7290106938656,230,825,410,8860,16,27/07/23,,Caesarea,1,0,0,"4003,"
123856,7290112632159 7290112632685,Keter Fused 4-Shelf Heavy Duty Shelving Unit 155X122X45 245410 7290112632685,262,1890,720,59800,16,27/07/23,,Caesarea,7,0,6,"4012,"
158823,000772086004 000772186001,Melissa and Doug Lets Play House - Dust Sweep and Mop 8600 000772086004 \ 000772186001,120,736,279,2041,16,10/05/23,,Caesarea,14,0,33,"4009,"
167926,3253920673251,Keter Picnic Cooler 33L 159569 3253920673251,333,498,410,2250,16,27/07/23,,Caesarea,1,0,0,"4020,"
169690,7290103653040,Keter Sigma 15 Inch 5 Open Shelfs Set Black 187464 7290103653040,200,710,380,5168,16,27/07/23,,Caesarea,28,0,28,"4007,"
169700,3253922340007,Keter Trash Pedal Bin 40 Liter Silver 213298 3253922340007,250,607,393,2889,16,27/07/23,,Caesarea,15,0,16,"4010,4012,"
182497,7290114462440,Aquila 304 Treat Shower Hanging System Round Black Nirosta 95cm 550904 7290114462440 - Peer Nesher,70,964,350,2039,16,12/07/23,,Caesarea,1,0,0,"4024,"
198418,7290100843642,Kapro Condor 905-40P Spirit Level 100cm KPR157625 7290100843642 - By Hashahal,30,1050,60,1075,16,08/06/23,,Caesarea,1,0,1,"4021,"
200372,7290003987832,Peer Super Mat For Paint Jobs And Renovations 4057 7290003987832 - Peer Nesher,270,1030,385,23,16,12/07/23,,Caesarea,45,0,44,"4009,"
206226,7290114462532,Aquila Abir Adjustable Round Shower System Black 550118 7290114462532 - Peer Nesher,120,1120,270,2965,16,12/07/23,,Caesarea,4,0,5,"4025,"
206228,7290114460910,Aquila Ravid Adjustable Round Shower System White 550110 7290114460910 - Peer Nesher,120,1120,270,2965,16,12/07/23,,Caesarea,3,0,3,"4004,"
207543,000772936200,Melissa and Doug Deluxe Cleaning and Laundry Playset 93620 0007720936200,123,819,406,3424,16,10/05/23,,Caesarea,4,0,4,"4022,"
211582,7290112635587,Keter WORX Stack And Roll Trolly Black 251869 7290112635587,411,694,525,9750,16,27/07/23,,Caesarea,5,0,5,"4007,"
211583,7290112630407,Keter Connect Cart + Organizer Trolly Black 248185 7290112630407,373,565,550,7150,16,27/07/23,,Caesarea,4,0,3,"4009,"
212005,000772088428,Melissa and Doug Calf Lifelike Stuffed Animal 8842 000772088428,304,736,495,1678,16,10/05/23,END,Caesarea,1,0,1,"4020,"
214975,7290114462457,Aquila Premium Pier Detachable Faucet 54505 7290114462457 - Peer Nesher,85,720,320,3293,16,12/07/23,,Caesarea,1,0,0,"4024,"
219001,7290114460804,Aquila Dorian Towel Holder 60cm 304 Nirosta 550007 7290114460804 - Peer Nesher,199,616,249,1293,16,12/07/23,END,Caesarea,1,0,1,"4019,"
219003,7290114460125,Aquila Shenhav Single Towel Rail 60cm 73501 7290114460125 - Peer Nesher,70,750,190,365,16,12/07/23,,Caesarea,1,0,1,"4024,"
219135,7290003987627,Aquila Telescopic Pole For Shower Curtain 120-220cm Aluminium 565041 7290003987627 - Peer Nesher,30,1310,90,307,16,12/07/23,,Caesarea,2,0,0,"4022,"
219137,7290003987641,Aquila Telescopic Pole For Shower Curtain 140-260cm Aluminium 565042 7290003987641 - Peer Nesher,90,1525,330,417,16,12/07/23,,Caesarea,5,0,2,"4019,"
219140,7290003987665,Aquila L Pole For Corner Shower Curtain 80x80cm Aluminium 565043 7290003987665 - Peer Nesher,50,945,105,338,16,12/07/23,,Caesarea,5,0,5,"4023,"
225135,000772094016 000772194013,Melissa and Doug Round the Speedway Race Track Rug & Car Set 9401 000772094016,102,1029,102,1632,16,10/05/23,,Caesarea,1,0,1,"4025,"
237431,3253920511003,Keter Hammer Tool Box 22 Inch Black 245308 3253920511003,285,560,310,2800,16,27/07/23,,Caesarea,1,0,1,"4001,"
237443,7290002169598,Keter Industrial 762 Tool Box 121526 7290002169598,325,680,405,2200,16,27/07/23,,Caesarea,4,0,3,"4009,"
239996,7290112636683,Keter WORX Stack And Roll Two Drawer Trolly Black 253499 7290112636683 By Keter,233,481,332,4740,16,27/07/23,,Caesarea,3,0,2,"4018,"
244032,3253922120005,Keter Trash Bin Deko 15 Liter Silver 169795 3253922120005,268,448,303,2270,16,27/07/23,,Caesarea,1,0,0,"4005,"
244741,7290112636669,Keter WORX Stack And Roll Organizer Set 3Pcs 253497 7290112636669,233,481,332,4600,16,27/07/23,,Caesarea,3,0,2,"4017,"
246823,7290114465960,Aquila Toilet Seat Soft Close With Silicone Damper Yellow Flower Cover 970309 7290114465960,55,470,383,2165,16,12/07/23,,Caesarea,1,0,0,"4022,"
247399,6856740207476,Omega 60W Terminator Electricl Mosquito Killer OM-IK219-3x20W 6856740207476,105,740,300,1000,16,29/06/23,,Caesarea,1,0,0,"4019,"
325070,195949592355,Apple iMac M4 Chip 8 Core CPU And 8 Core GPU 24 Inch 16GB 256GB Standard Glass GRN MWUE3HB/A,165,641,568,9458,16,23/01/25,,Caesarea,1,0,1,"4022,"
325085,195949597213,Apple iMac M4 Chip 10 Core CPU And 10 Core GPU 24 Inch 16GB 256GB Standard Glass BLU MWV13HB/A,165,641,568,9458,16,23/01/25,,Caesarea,1,0,2,"4028,"
325087,195949598074,Apple iMac M4 Chip 10 Core CPU And 10 Core GPU 24 Inch 16GB 256GB Standard Glass PNK MWV43HB/A,165,641,568,9458,16,23/01/25,,Caesarea,1,0,1,"4021,"
325090,195949595066,Apple iMac M4 Chip 10 Core CPU And 10 Core GPU 24 Inch 16GB 512GB Standard Glass SLV MWUV3HB/A,165,641,568,9458,16,23/01/25,,Caesarea,3,1,3,"4005,"
325092,195949598494,Apple iMac M4 Chip 10 Core CPU And 10 Core GPU 24 Inch 16GB 512GB Standard Glass PNK MWV53HB/A,165,641,568,9458,16,23/01/25,,Caesarea,1,0,1,"4023,"
325093,195949597640,Apple iMac M4 Chip 10 Core CPU And 10 Core GPU 24 Inch 16GB 512GB Standard Glass BLU MWV33HB/A,165,641,568,9458,16,23/01/25,,Caesarea,1,0,2,"4028,"
325099,195950075694,Apple iMac M4 Chip 10 Core CPU And 10 Core GPU 24 Inch 24GB 512GB Standard Glass BLU MD2T4HB/A,165,641,568,9458,16,23/01/25,,Caesarea,2,0,2,"4023,"
325100,195950075236,Apple iMac M4 Chip 10 Core CPU And 10 Core GPU 24 Inch 24GB 512GB Standard Glass GRN MD2Q4HB/A,165,641,568,9458,16,23/01/25,,Caesarea,1,0,1,"4023,"
325118,195950080759,Apple iMac M4 Chip 10 Core CPU And 10 Core GPU 24 Inch 16GB 256GB Nano Texture Glass SLV MD3H4HB/A,165,641,568,9458,16,23/01/25,,Caesarea,1,0,2,"4023,"
70939,3253922162005,Keter Trash Bin Silver Deko 50 Liter 187152 3253922162005,290,720,390,3470,16,27/07/23,,Caesarea,3,0,0,"4031,"
90535,8016818023614,Oritrap Professional Garden Mosquito Trap 48W (CULEX) 97 8016818023614,330,410,335,5300,16,12/07/23,,Caesarea,5,0,15,"4001,"
96808,7290010133147,Berox Oculone Cutting Board 60X40X2 Blue 60402b 7290010133147,20,600,400,4050,16,04/06/23,END,Caesarea,5,0,6,"4024,"
96809,7290010133154 7290104903844,Berox Oculone Cutting Board 60X40X2 Red 60402r 7290104903844/7290010133154,20,600,400,4050,16,04/06/23,END,Caesarea,2,0,2,"4017,"
,,,,,,,,,,,,,,
,,,,,,,,,,,,,,
,,,,,,,,,,,,,,
,,,,,,,,,,,,,,
,,,,,,,,,,,,,,
,,,,,,,,,,,,,,
,,,,,,,,,,,,,,
,,,,,,,,,,,,,,
,,,,,,,,,,,,,,
,,,,,,,,,,,,,,
,,,,,,,,,,,,,,
,,,,,,,,,,,,,,
,,,,,,,,,,,,,,
,,,,,,,,,,,,,,
,,,,,,,,,,,,,,
,,,,,,,,,,,,,,
,,,,,,,,,,,,,,
,,,,,,,,,,,,,,
,,,,,,,,,,,,,,
,,,,,,,,,,,,,,
,,,,,,,,,,,,,,
,,,,,,,,,,,,,,
,,,,,,,,,,,,,,
,,,,,,,,,,,,,,
,,,,,,,,,,,,,,
,,,,,,,,,,,,,,
,,,,,,,,,,,,,,
,,,,,,,,,,,,,,
,,,,,,,,,,,,,,
,,,,,,,,,,,,,,
,,,,,,,,,,,,,,
,,,,,,,,,,,,,,
,,,,,,,,,,,,,,
,,,,,,,,,,,,,,
,,,,,,,,,,,,,,
,,,,,,,,,,,,,,
,,,,,,,,,,,,,,
,,,,,,,,,,,,,,
,,,,,,,,,,,,,,
,,,,,,,,,,,,,,
,,,,,,,,,,,,,,
,,,,,,,,,,,,,,
,,,,,,,,,,,,,,
,,,,,,,,,,,,,,
,,,,,,,,,,,,,,
,,,,,,,,,,,,,,
,,,,,,,,,,,,,,
,,,,,,,,,,,,,,
,,,,,,,,,,,,,,
,,,,,,,,,,,,,,
,,,,,,,,,,,,,,
,,,,,,,,,,,,,,
,,,,,,,,,,,,,,
,,,,,,,,,,,,,,
,,,,,,,,,,,,,,
